<?xml version="1.0" encoding="utf-8"?>
<COLLADA xmlns="http://www.collada.org/2005/11/COLLADASchema" version="1.4.1">
  <asset>
    <created>2024-04-09T19:02:30Z</created>
    <modified>2024-04-09T19:02:30Z</modified>
    <unit meter="1" name="meter"/>
    <up_axis>Z_UP</up_axis>
  </asset>
  <library_images>
    <image id="Image1">
      <init_from>./textures/texture_1_WoodPineGrainedHorizontalopt.jpg</init_from>
    </image>
    <image id="Image2">
      <init_from>./textures/texture_2_WoodPineGrainedVerticalopt.jpg</init_from>
    </image>
    <image id="Image3">
      <init_from>./textures/texture_3_MetalStainlessSteelopt.jpg</init_from>
    </image>
  </library_images>
  <library_materials>
    <material id="Material1">
      <instance_effect url="#Material1-effect"/>
    </material>
    <material id="Material2">
      <instance_effect url="#Material2-effect"/>
    </material>
    <material id="Material3">
      <instance_effect url="#Material3-effect"/>
    </material>
    <material id="Material4">
      <instance_effect url="#Material4-effect"/>
    </material>
    <material id="Material5">
      <instance_effect url="#Material5-effect"/>
    </material>
    <material id="Material6">
      <instance_effect url="#Material6-effect"/>
    </material>
    <material id="Material7">
      <instance_effect url="#Material7-effect"/>
    </material>
    <material id="Material8">
      <instance_effect url="#Material8-effect"/>
    </material>
    <material id="Material9">
      <instance_effect url="#Material9-effect"/>
    </material>
  </library_materials>
  <library_effects>
    <effect id="Material1-effect">
      <profile_COMMON>
        <technique sid="common">
          <phong>
            <emission>
              <color>0 0 0 1</color>
            </emission>
            <ambient>
              <color>1 1 1 1</color>
            </ambient>
            <diffuse>
              <color>0.228885 0.228885 0.228885 1</color>
            </diffuse>
            <specular>
              <color>0 0 0 1</color>
            </specular>
            <shininess>
              <float>0</float>
            </shininess>
            <transparent opaque="A_ONE">
              <color>0 0 0 1</color>
            </transparent>
            <transparency>
              <float>1</float>
            </transparency>
          </phong>
          <extra>
            <technique profile="FCOLLADA"/>
          </extra>
        </technique>
      </profile_COMMON>
      <extra>
        <technique profile="GOOGLEEARTH">
          <double_sided>1</double_sided>
        </technique>
      </extra>
    </effect>
    <effect id="Material2-effect">
      <profile_COMMON>
        <technique sid="common">
          <phong>
            <emission>
              <color>0 0 0 1</color>
            </emission>
            <ambient>
              <color>1 1 1 1</color>
            </ambient>
            <diffuse>
              <color>1 1 1 1</color>
            </diffuse>
            <specular>
              <color>1 1 1 1</color>
            </specular>
            <shininess>
              <float>3</float>
            </shininess>
            <transparent opaque="A_ONE">
              <color>0 0 0 1</color>
            </transparent>
            <transparency>
              <float>1</float>
            </transparency>
          </phong>
          <extra>
            <technique profile="FCOLLADA"/>
          </extra>
        </technique>
      </profile_COMMON>
      <extra>
        <technique profile="GOOGLEEARTH">
          <double_sided>1</double_sided>
        </technique>
      </extra>
    </effect>
    <effect id="Material3-effect">
      <profile_COMMON>
        <technique sid="common">
          <phong>
            <emission>
              <color>0 0 0 1</color>
            </emission>
            <ambient>
              <color>1 1 1 1</color>
            </ambient>
            <diffuse>
              <color>1 1 1 1</color>
            </diffuse>
            <specular>
              <color>1 1 1 1</color>
            </specular>
            <shininess>
              <float>3</float>
            </shininess>
            <transparent opaque="A_ONE">
              <color>0 0 0 1</color>
            </transparent>
            <transparency>
              <float>1</float>
            </transparency>
          </phong>
          <extra>
            <technique profile="FCOLLADA"/>
          </extra>
        </technique>
      </profile_COMMON>
      <extra>
        <technique profile="GOOGLEEARTH">
          <double_sided>1</double_sided>
        </technique>
      </extra>
    </effect>
    <effect id="Material4-effect">
      <profile_COMMON>
        <technique sid="common">
          <phong>
            <emission>
              <color>0 0 0 1</color>
            </emission>
            <ambient>
              <color>1 1 1 1</color>
            </ambient>
            <diffuse>
              <color>1 0.498039 0 1</color>
            </diffuse>
            <specular>
              <color>1 0.498039 0 1</color>
            </specular>
            <shininess>
              <float>3</float>
            </shininess>
            <transparent opaque="A_ONE">
              <color>0 0 0 1</color>
            </transparent>
            <transparency>
              <float>1</float>
            </transparency>
          </phong>
          <extra>
            <technique profile="FCOLLADA"/>
          </extra>
        </technique>
      </profile_COMMON>
      <extra>
        <technique profile="GOOGLEEARTH">
          <double_sided>1</double_sided>
        </technique>
      </extra>
    </effect>
    <effect id="Material5-effect">
      <profile_COMMON>
        <technique sid="common">
          <phong>
            <emission>
              <color>0 0 0 1</color>
            </emission>
            <ambient>
              <color>1 1 1 1</color>
            </ambient>
            <diffuse>
              <color>0.356863 0.356863 0.356863 1</color>
            </diffuse>
            <specular>
              <color>0.990005 0.990005 1 1</color>
            </specular>
            <shininess>
              <float>0.72</float>
            </shininess>
            <transparent opaque="A_ONE">
              <color>0 0 0 1</color>
            </transparent>
            <transparency>
              <float>1</float>
            </transparency>
          </phong>
          <extra>
            <technique profile="FCOLLADA"/>
          </extra>
        </technique>
      </profile_COMMON>
      <extra>
        <technique profile="GOOGLEEARTH">
          <double_sided>1</double_sided>
        </technique>
      </extra>
    </effect>
    <effect id="Material6-effect">
      <profile_COMMON>
        <newparam sid="Image1-surface">
          <surface type="2D">
            <init_from>Image1</init_from>
            <format>R8G8B8</format>
          </surface>
        </newparam>
        <newparam sid="Image1-sampler">
          <sampler2D>
            <source>Image1-surface</source>
            <wrap_s>WRAP</wrap_s>
            <wrap_t>WRAP</wrap_t>
            <minfilter>NONE</minfilter>
            <magfilter>NONE</magfilter>
            <mipfilter>NONE</mipfilter>
          </sampler2D>
        </newparam>
        <technique sid="common">
          <phong>
            <emission>
              <color>0 0 0 1</color>
            </emission>
            <ambient>
              <color>1 1 1 1</color>
            </ambient>
            <diffuse>
              <texture texture="Image1-sampler" texcoord=""/>
            </diffuse>
            <specular>
              <color>0.8 0.8 0.8 1</color>
            </specular>
            <shininess>
              <float>0</float>
            </shininess>
            <transparent opaque="A_ONE">
              <color>0 0 0 1</color>
            </transparent>
            <transparency>
              <float>1</float>
            </transparency>
          </phong>
          <extra>
            <technique profile="FCOLLADA"/>
          </extra>
        </technique>
      </profile_COMMON>
      <extra>
        <technique profile="GOOGLEEARTH">
          <double_sided>1</double_sided>
        </technique>
      </extra>
    </effect>
    <effect id="Material7-effect">
      <profile_COMMON>
        <newparam sid="Image2-surface">
          <surface type="2D">
            <init_from>Image2</init_from>
            <format>R8G8B8</format>
          </surface>
        </newparam>
        <newparam sid="Image2-sampler">
          <sampler2D>
            <source>Image2-surface</source>
            <wrap_s>WRAP</wrap_s>
            <wrap_t>WRAP</wrap_t>
            <minfilter>NONE</minfilter>
            <magfilter>NONE</magfilter>
            <mipfilter>NONE</mipfilter>
          </sampler2D>
        </newparam>
        <technique sid="common">
          <phong>
            <emission>
              <color>0 0 0 1</color>
            </emission>
            <ambient>
              <color>1 1 1 1</color>
            </ambient>
            <diffuse>
              <texture texture="Image2-sampler" texcoord=""/>
            </diffuse>
            <specular>
              <color>0.8 0.8 0.8 1</color>
            </specular>
            <shininess>
              <float>0</float>
            </shininess>
            <transparent opaque="A_ONE">
              <color>0 0 0 1</color>
            </transparent>
            <transparency>
              <float>1</float>
            </transparency>
          </phong>
          <extra>
            <technique profile="FCOLLADA"/>
          </extra>
        </technique>
      </profile_COMMON>
      <extra>
        <technique profile="GOOGLEEARTH">
          <double_sided>1</double_sided>
        </technique>
      </extra>
    </effect>
    <effect id="Material8-effect">
      <profile_COMMON>
        <newparam sid="Image3-surface">
          <surface type="2D">
            <init_from>Image3</init_from>
            <format>R8G8B8</format>
          </surface>
        </newparam>
        <newparam sid="Image3-sampler">
          <sampler2D>
            <source>Image3-surface</source>
            <wrap_s>WRAP</wrap_s>
            <wrap_t>WRAP</wrap_t>
            <minfilter>NONE</minfilter>
            <magfilter>NONE</magfilter>
            <mipfilter>NONE</mipfilter>
          </sampler2D>
        </newparam>
        <technique sid="common">
          <phong>
            <emission>
              <color>0 0 0 1</color>
            </emission>
            <ambient>
              <color>1 1 1 1</color>
            </ambient>
            <diffuse>
              <texture texture="Image3-sampler" texcoord=""/>
            </diffuse>
            <specular>
              <color>0.992157 0.968627 0.94902 1</color>
            </specular>
            <shininess>
              <float>13</float>
            </shininess>
            <transparent opaque="A_ONE">
              <color>0 0 0 1</color>
            </transparent>
            <transparency>
              <float>1</float>
            </transparency>
          </phong>
          <extra>
            <technique profile="FCOLLADA"/>
          </extra>
        </technique>
      </profile_COMMON>
      <extra>
        <technique profile="GOOGLEEARTH">
          <double_sided>1</double_sided>
        </technique>
      </extra>
    </effect>
    <effect id="Material9-effect">
      <profile_COMMON>
        <technique sid="common">
          <phong>
            <emission>
              <color>0 0 0 1</color>
            </emission>
            <ambient>
              <color>0 0 0 1</color>
            </ambient>
            <diffuse>
              <color>0 0 0 1</color>
            </diffuse>
            <specular>
              <color>0 0 0 1</color>
            </specular>
            <shininess>
              <float>20</float>
            </shininess>
            <transparent opaque="A_ONE">
              <color>0 0 0 1</color>
            </transparent>
            <transparency>
              <float>1</float>
            </transparency>
          </phong>
          <extra>
            <technique profile="FCOLLADA"/>
          </extra>
        </technique>
      </profile_COMMON>
    </effect>
  </library_effects>
  <library_geometries>
    <geometry id="Geometry1">
      <mesh>
        <source id="Geometry1-position">
          <float_array id="Geometry1-position-array" count="2316">-11.8625 -100.172 2.85 -11.8625 -100.172 2 -11.8677 -100.133 2 -11.8677 -100.133 2.85511 -11.8677 -100.133 3.14489 -11.8677 -100.133 15 -11.8625 -100.172 15 -11.8625 -100.172 3.15 -11.8677 -100.21 2.85511 -11.8677 -100.21 2 -11.8625 -100.172 2 -11.8625 -100.172 2.85 -11.8625 -100.172 3.15 -11.8625 -100.172 15 -11.8677 -100.21 15 -11.8677 -100.21 3.14489 -11.8625 -100.172 15 -11.8677 -100.133 15 -11.8826 -100.097 15 -11.9065 -100.066 15 -11.9375 -100.042 15 -11.9737 -100.027 15 -12.0125 -100.022 15 -12.0514 -100.027 15 -12.0875 -100.042 15 -12.1186 -100.066 15 -12.1425 -100.097 15 -12.1574 -100.133 15 -12.1625 -100.172 15 -12.1574 -100.21 15 -12.1425 -100.247 15 -12.1186 -100.278 15 -12.0875 -100.301 15 -12.0514 -100.316 15 -12.0125 -100.322 15 -11.9737 -100.316 15 -11.9375 -100.301 15 -11.9065 -100.278 15 -11.8826 -100.247 15 -11.8677 -100.21 15 -12.0125 -100.022 3 -12.0125 -100.027 2.96118 -12.0125 -100.042 2.925 -12.0125 -100.066 2.89393 -12.0125 -100.097 2.8701 -12.0125 -100.133 2.85511 -12.0125 -100.172 2.85 -12.0125 -100.21 2.85511 -12.0125 -100.247 2.8701 -12.0125 -100.278 2.89393 -12.0125 -100.301 2.925 -12.0125 -100.316 2.96118 -12.0125 -100.322 3 -12.0125 -100.316 3.03882 -12.0125 -100.301 3.075 -12.0125 -100.278 3.10607 -12.0125 -100.247 3.1299 -12.0125 -100.21 3.14489 -12.0125 -100.172 3.15 -12.0125 -100.133 3.14489 -12.0125 -100.097 3.1299 -12.0125 -100.066 3.10607 -12.0125 -100.042 3.075 -12.0125 -100.027 3.03882 -11.8826 -100.247 2.8701 -11.8826 -100.247 2 -11.8677 -100.21 2 -11.8677 -100.21 2.85511 -11.8677 -100.21 3.14489 -11.8677 -100.21 15 -11.8826 -100.247 15 -11.8826 -100.247 3.1299 -6.48755 -100.301 0 -6.51861 -100.278 0 -6.54245 -100.247 0 -6.55744 -100.21 0 -6.56255 -100.172 0 -6.55744 -100.133 0 -6.54245 -100.097 0 -6.51861 -100.066 0 -6.48755 -100.042 0 -6.45137 -100.027 0 -6.41255 -100.022 0 -6.37373 -100.027 0 -6.33755 -100.042 0 -6.30648 -100.066 0 -6.28264 -100.097 0 -6.26766 -100.133 0 -6.26255 -100.172 0 -6.26766 -100.21 0 -6.28264 -100.247 0 -6.30648 -100.278 0 -6.33755 -100.301 0 -6.37373 -100.316 0 -6.41255 -100.322 0 -6.45137 -100.316 0 -11.8677 -100.133 2.85511 -11.8677 -100.133 2 -11.8826 -100.097 2 -11.8826 -100.097 2.8701 -11.8826 -100.097 3.1299 -11.8826 -100.097 15 -11.8677 -100.133 15 -11.8677 -100.133 3.14489 -11.8826 -100.097 2.8701 -11.8826 -100.097 2 -11.9065 -100.066 2 -11.9065 -100.066 2.89393 -11.9065 -100.066 3.10607 -11.9065 -100.066 15 -11.8826 -100.097 15 -11.8826 -100.097 3.1299 -11.9065 -100.066 2.89393 -11.9065 -100.066 2 -11.9375 -100.042 2 -11.9375 -100.042 2.925 -11.9375 -100.042 3.075 -11.9375 -100.042 15 -11.9065 -100.066 15 -11.9065 -100.066 3.10607 -11.9375 -100.042 2.925 -11.9375 -100.042 2 -11.9737 -100.027 2 -11.9737 -100.027 2.96118 -11.9737 -100.027 3.03882 -11.9737 -100.027 15 -11.9375 -100.042 15 -11.9375 -100.042 3.075 -11.9737 -100.027 2.96118 -11.9737 -100.027 2 -12.0125 -100.022 2 -12.0125 -100.022 3 -12.0125 -100.022 15 -11.9737 -100.027 15 -11.9737 -100.027 3.03882 -12.0125 -100.022 3 -12.0125 -100.022 2 -12.0514 -100.027 2 -12.0514 -100.027 15 -12.0125 -100.022 15 -12.0514 -100.027 15 -12.0514 -100.027 2 -12.0875 -100.042 2 -12.0875 -100.042 15 -12.0875 -100.042 15 -12.0875 -100.042 2 -12.1186 -100.066 2 -12.1186 -100.066 15 -12.1186 -100.066 15 -12.1186 -100.066 2 -12.1425 -100.097 2 -12.1425 -100.097 15 -12.1425 -100.097 15 -12.1425 -100.097 2 -12.1574 -100.133 2 -12.1574 -100.133 15 -12.1574 -100.133 15 -12.1574 -100.133 2 -12.1625 -100.172 2 -12.1625 -100.172 15 -12.1625 -100.172 15 -12.1625 -100.172 2 -12.1574 -100.21 2 -12.1574 -100.21 15 -6.55744 -100.21 2.85511 -6.55744 -100.21 2 -6.54245 -100.247 2 -6.54245 -100.247 2.8701 -6.54245 -100.247 3.1299 -6.54245 -100.247 15 -6.55744 -100.21 15 -6.55744 -100.21 3.14489 -6.54245 -100.247 2.8701 -6.54245 -100.247 2 -6.51861 -100.278 2 -6.51861 -100.278 2.89393 -6.51861 -100.278 3.10607 -6.51861 -100.278 15 -6.54245 -100.247 15 -6.54245 -100.247 3.1299 -6.51861 -100.278 2.89393 -6.51861 -100.278 2 -6.48755 -100.301 2 -6.48755 -100.301 2.925 -6.48755 -100.301 3.075 -6.48755 -100.301 15 -6.51861 -100.278 15 -6.51861 -100.278 3.10607 -6.48755 -100.301 2.925 -6.48755 -100.301 2 -6.45137 -100.316 2 -6.45137 -100.316 2.96118 -6.45137 -100.316 3.03882 -6.45137 -100.316 15 -6.48755 -100.301 15 -6.48755 -100.301 3.075 -6.41255 -100.322 3 -6.41255 -100.322 2 -6.37373 -100.316 2 -6.37373 -100.316 15 -6.41255 -100.322 15 -6.45137 -100.316 2.96118 -6.45137 -100.316 2 -6.41255 -100.322 2 -6.41255 -100.322 3 -6.41255 -100.322 15 -6.45137 -100.316 15 -6.45137 -100.316 3.03882 -6.37373 -100.316 15 -6.37373 -100.316 2 -6.33755 -100.301 2 -6.33755 -100.301 15 -6.33755 -100.301 15 -6.33755 -100.301 2 -6.30648 -100.278 2 -6.30648 -100.278 15 -6.30648 -100.278 15 -6.30648 -100.278 2 -6.28264 -100.247 2 -6.28264 -100.247 15 -6.28264 -100.247 15 -6.28264 -100.247 2 -6.26766 -100.21 2 -6.26766 -100.21 15 -6.26766 -100.21 15 -6.26766 -100.21 2 -6.26255 -100.172 2 -6.26255 -100.172 15 -6.26255 -100.172 15 -6.26255 -100.172 2 -6.26766 -100.133 2 -6.26766 -100.133 15 -6.26766 -100.133 15 -6.26766 -100.133 2 -6.28264 -100.097 2 -6.28264 -100.097 15 -6.28264 -100.097 15 -6.28264 -100.097 2 -6.30648 -100.066 2 -6.30648 -100.066 15 -6.33755 -100.042 15 -6.33755 -100.042 2 -6.37373 -100.027 2 -6.37373 -100.027 15 -6.30648 -100.066 15 -6.30648 -100.066 2 -6.33755 -100.042 2 -6.33755 -100.042 15 -6.37373 -100.027 15 -6.37373 -100.027 2 -6.41255 -100.022 2 -6.41255 -100.022 3 -6.41255 -100.022 15 -6.41255 -100.022 3 -6.41255 -100.022 2 -6.45137 -100.027 2 -6.45137 -100.027 2.96118 -6.45137 -100.027 3.03882 -6.45137 -100.027 15 -6.41255 -100.022 15 -6.48755 -100.042 2.925 -6.48755 -100.042 2 -6.51861 -100.066 2 -6.51861 -100.066 2.89393 -6.51861 -100.066 3.10607 -6.51861 -100.066 15 -6.48755 -100.042 15 -6.48755 -100.042 3.075 -6.45137 -100.027 2.96118 -6.45137 -100.027 2 -6.48755 -100.042 2 -6.48755 -100.042 2.925 -6.48755 -100.042 3.075 -6.48755 -100.042 15 -6.45137 -100.027 15 -6.45137 -100.027 3.03882 -6.51861 -100.066 2.89393 -6.51861 -100.066 2 -6.54245 -100.097 2 -6.54245 -100.097 2.8701 -6.54245 -100.097 3.1299 -6.54245 -100.097 15 -6.51861 -100.066 15 -6.51861 -100.066 3.10607 -6.55744 -100.133 2.85511 -6.55744 -100.133 2 -6.56255 -100.172 2 -6.56255 -100.172 2.85 -6.56255 -100.172 3.15 -6.56255 -100.172 15 -6.55744 -100.133 15 -6.55744 -100.133 3.14489 -6.54245 -100.097 2.8701 -6.54245 -100.097 2 -6.55744 -100.133 2 -6.55744 -100.133 2.85511 -6.55744 -100.133 3.14489 -6.55744 -100.133 15 -6.54245 -100.097 15 -6.54245 -100.097 3.1299 -12.1574 -100.21 15 -12.1574 -100.21 2 -12.1425 -100.247 2 -12.1425 -100.247 15 -6.56255 -100.172 2.85 -6.56255 -100.172 2 -6.55744 -100.21 2 -6.55744 -100.21 2.85511 -6.55744 -100.21 3.14489 -6.55744 -100.21 15 -6.56255 -100.172 15 -6.56255 -100.172 3.15 -6.56255 -100.172 15 -6.55744 -100.21 15 -6.54245 -100.247 15 -6.51861 -100.278 15 -6.48755 -100.301 15 -6.45137 -100.316 15 -6.41255 -100.322 15 -6.37373 -100.316 15 -6.33755 -100.301 15 -6.30648 -100.278 15 -6.28264 -100.247 15 -6.26766 -100.21 15 -6.26255 -100.172 15 -6.26766 -100.133 15 -6.28264 -100.097 15 -6.30648 -100.066 15 -6.33755 -100.042 15 -6.37373 -100.027 15 -6.41255 -100.022 15 -6.45137 -100.027 15 -6.48755 -100.042 15 -6.51861 -100.066 15 -6.54245 -100.097 15 -6.55744 -100.133 15 -12.1425 -100.247 15 -12.1425 -100.247 2 -12.1186 -100.278 2 -12.1186 -100.278 15 -12.1186 -100.278 15 -12.1186 -100.278 2 -12.0875 -100.301 2 -12.0875 -100.301 15 -12.0875 -100.301 15 -12.0875 -100.301 2 -12.0514 -100.316 2 -12.0514 -100.316 15 -12.0514 -100.316 15 -12.0514 -100.316 2 -12.0125 -100.322 2 -12.0125 -100.322 3 -12.0125 -100.322 15 -12.0125 -100.322 3 -12.0125 -100.322 2 -11.9737 -100.316 2 -11.9737 -100.316 2.96118 -11.9737 -100.316 3.03882 -11.9737 -100.316 15 -12.0125 -100.322 15 -11.9737 -100.316 2.96118 -11.9737 -100.316 2 -11.9375 -100.301 2 -11.9375 -100.301 2.925 -11.9375 -100.301 3.075 -11.9375 -100.301 15 -11.9737 -100.316 15 -11.9737 -100.316 3.03882 -11.9375 -100.301 2.925 -11.9375 -100.301 2 -11.9065 -100.278 2 -11.9065 -100.278 2.89393 -11.9065 -100.278 3.10607 -11.9065 -100.278 15 -11.9375 -100.301 15 -11.9375 -100.301 3.075 -11.9065 -100.278 2.89393 -11.9065 -100.278 2 -11.8826 -100.247 2 -11.8826 -100.247 2.8701 -11.8826 -100.247 3.1299 -11.8826 -100.247 15 -11.9065 -100.278 15 -11.9065 -100.278 3.10607 -11.7625 -100.422 2 -12.2625 -100.422 2 -12.2625 -100.422 0 -11.7625 -100.422 0 -6.66255 -100.422 0 -6.66255 -99.9216 0 -6.16255 -99.9216 0 -6.16255 -100.422 0 -6.48755 -100.042 0 -6.51861 -100.066 0 -6.54245 -100.097 0 -6.55744 -100.133 0 -6.56255 -100.172 0 -6.55744 -100.21 0 -6.54245 -100.247 0 -6.51861 -100.278 0 -6.48755 -100.301 0 -6.45137 -100.316 0 -6.41255 -100.322 0 -6.37373 -100.316 0 -6.33755 -100.301 0 -6.30648 -100.278 0 -6.28264 -100.247 0 -6.26766 -100.21 0 -6.26255 -100.172 0 -6.26766 -100.133 0 -6.28264 -100.097 0 -6.30648 -100.066 0 -6.33755 -100.042 0 -6.37373 -100.027 0 -6.41255 -100.022 0 -6.45137 -100.027 0 -11.7625 -100.422 0 -11.7625 -99.9216 0 -11.7625 -99.9216 2 -11.7625 -100.422 2 -12.2625 -99.9216 2 -11.7625 -99.9216 2 -11.7625 -99.9216 0 -12.2625 -99.9216 0 -11.7625 -100.422 2 -11.7625 -99.9216 2 -12.2625 -99.9216 2 -12.2625 -100.422 2 -12.0514 -100.027 2 -12.0125 -100.022 2 -11.9737 -100.027 2 -11.9375 -100.042 2 -11.9065 -100.066 2 -11.8826 -100.097 2 -11.8677 -100.133 2 -11.8625 -100.172 2 -11.8677 -100.21 2 -11.8826 -100.247 2 -11.9065 -100.278 2 -11.9375 -100.301 2 -11.9737 -100.316 2 -12.0125 -100.322 2 -12.0514 -100.316 2 -12.0875 -100.301 2 -12.1186 -100.278 2 -12.1425 -100.247 2 -12.1574 -100.21 2 -12.1625 -100.172 2 -12.1574 -100.133 2 -12.1425 -100.097 2 -12.1186 -100.066 2 -12.0875 -100.042 2 -6.66255 -99.9216 0 -6.66255 -100.422 0 -6.66255 -100.422 2 -6.66255 -99.9216 2 -6.66255 -99.9216 2 -6.66255 -100.422 2 -6.16255 -100.422 2 -6.16255 -99.9216 2 -6.55744 -100.21 2 -6.56255 -100.172 2 -6.55744 -100.133 2 -6.54245 -100.097 2 -6.51861 -100.066 2 -6.48755 -100.042 2 -6.45137 -100.027 2 -6.41255 -100.022 2 -6.37373 -100.027 2 -6.33755 -100.042 2 -6.30648 -100.066 2 -6.28264 -100.097 2 -6.26766 -100.133 2 -6.26255 -100.172 2 -6.26766 -100.21 2 -6.28264 -100.247 2 -6.30648 -100.278 2 -6.33755 -100.301 2 -6.37373 -100.316 2 -6.41255 -100.322 2 -6.45137 -100.316 2 -6.48755 -100.301 2 -6.51861 -100.278 2 -6.54245 -100.247 2 -12.2625 -100.422 2 -12.2625 -99.9216 2 -12.2625 -99.9216 0 -12.2625 -100.422 0 -6.16255 -99.9216 2 -6.16255 -100.422 2 -6.16255 -100.422 0 -6.16255 -99.9216 0 -6.66255 -99.9216 2 -6.16255 -99.9216 2 -6.16255 -99.9216 0 -6.66255 -99.9216 0 -6.16255 -100.422 2 -6.66255 -100.422 2 -6.66255 -100.422 0 -6.16255 -100.422 0 -12.1425 -100.097 0 -12.1186 -100.066 0 -12.0875 -100.042 0 -12.0514 -100.027 0 -12.0125 -100.022 0 -11.9737 -100.027 0 -11.9375 -100.042 0 -11.9065 -100.066 0 -11.8826 -100.097 0 -11.8677 -100.133 0 -11.8625 -100.172 0 -11.8677 -100.21 0 -11.8826 -100.247 0 -11.9065 -100.278 0 -11.9375 -100.301 0 -11.9737 -100.316 0 -12.0125 -100.322 0 -12.0514 -100.316 0 -12.0875 -100.301 0 -12.1186 -100.278 0 -12.1425 -100.247 0 -12.1574 -100.21 0 -12.1625 -100.172 0 -12.1574 -100.133 0 -12.0125 -100.097 3.1299 -12.0125 -100.133 3.14489 -11.8677 -100.133 3.14489 -6.55744 -100.133 3.14489 -6.40352 -100.133 3.14489 -6.40352 -100.097 3.1299 -6.54245 -100.097 3.1299 -11.8826 -100.097 3.1299 -12.0125 -100.042 2.925 -12.0125 -100.027 2.96118 -11.9737 -100.027 2.96118 -6.45137 -100.027 2.96118 -6.40352 -100.027 2.96118 -6.40352 -100.042 2.925 -6.48755 -100.042 2.925 -11.9375 -100.042 2.925 -12.0125 -100.066 2.89393 -12.0125 -100.042 2.925 -11.9375 -100.042 2.925 -6.48755 -100.042 2.925 -6.40352 -100.042 2.925 -6.40352 -100.066 2.89393 -6.51861 -100.066 2.89393 -11.9065 -100.066 2.89393 -12.0125 -100.097 2.8701 -12.0125 -100.066 2.89393 -11.9065 -100.066 2.89393 -6.51861 -100.066 2.89393 -6.40352 -100.066 2.89393 -6.40352 -100.097 2.8701 -6.54245 -100.097 2.8701 -11.8826 -100.097 2.8701 -12.0125 -100.133 2.85511 -12.0125 -100.097 2.8701 -11.8826 -100.097 2.8701 -6.54245 -100.097 2.8701 -6.40352 -100.097 2.8701 -6.40352 -100.133 2.85511 -6.55744 -100.133 2.85511 -11.8677 -100.133 2.85511 -12.0125 -100.172 2.85 -12.0125 -100.133 2.85511 -11.8677 -100.133 2.85511 -6.55744 -100.133 2.85511 -6.40352 -100.133 2.85511 -6.40352 -100.172 2.85 -6.56255 -100.172 2.85 -11.8625 -100.172 2.85 -12.0125 -100.21 2.85511 -12.0125 -100.172 2.85 -11.8625 -100.172 2.85 -6.56255 -100.172 2.85 -6.40352 -100.172 2.85 -6.40352 -100.21 2.85511 -6.55744 -100.21 2.85511 -11.8677 -100.21 2.85511 -12.0125 -100.247 2.8701 -12.0125 -100.21 2.85511 -11.8677 -100.21 2.85511 -6.55744 -100.21 2.85511 -6.40352 -100.21 2.85511 -6.40352 -100.247 2.8701 -6.54245 -100.247 2.8701 -11.8826 -100.247 2.8701 -12.0125 -100.278 2.89393 -12.0125 -100.247 2.8701 -11.8826 -100.247 2.8701 -6.54245 -100.247 2.8701 -6.40352 -100.247 2.8701 -6.40352 -100.278 2.89393 -6.51861 -100.278 2.89393 -11.9065 -100.278 2.89393 -12.0125 -100.301 2.925 -12.0125 -100.278 2.89393 -11.9065 -100.278 2.89393 -6.51861 -100.278 2.89393 -6.40352 -100.278 2.89393 -6.40352 -100.301 2.925 -6.48755 -100.301 2.925 -11.9375 -100.301 2.925 -12.0125 -100.316 2.96118 -12.0125 -100.301 2.925 -11.9375 -100.301 2.925 -6.48755 -100.301 2.925 -6.40352 -100.301 2.925 -6.40352 -100.316 2.96118 -6.45137 -100.316 2.96118 -11.9737 -100.316 2.96118 -12.0125 -100.322 3 -12.0125 -100.316 2.96118 -11.9737 -100.316 2.96118 -6.45137 -100.316 2.96118 -6.40352 -100.316 2.96118 -6.40352 -100.322 3 -6.41255 -100.322 3 -12.0125 -100.316 3.03882 -12.0125 -100.322 3 -6.41255 -100.322 3 -6.40352 -100.322 3 -6.40352 -100.316 3.03882 -6.45137 -100.316 3.03882 -11.9737 -100.316 3.03882 -12.0125 -100.301 3.075 -12.0125 -100.316 3.03882 -11.9737 -100.316 3.03882 -6.45137 -100.316 3.03882 -6.40352 -100.316 3.03882 -6.40352 -100.301 3.075 -6.48755 -100.301 3.075 -11.9375 -100.301 3.075 -12.0125 -100.278 3.10607 -12.0125 -100.301 3.075 -11.9375 -100.301 3.075 -6.48755 -100.301 3.075 -6.40352 -100.301 3.075 -6.40352 -100.278 3.10607 -6.51861 -100.278 3.10607 -11.9065 -100.278 3.10607 -12.0125 -100.172 3.15 -12.0125 -100.21 3.14489 -11.8677 -100.21 3.14489 -6.55744 -100.21 3.14489 -6.40352 -100.21 3.14489 -6.40352 -100.172 3.15 -6.56255 -100.172 3.15 -11.8625 -100.172 3.15 -12.0125 -100.21 3.14489 -12.0125 -100.247 3.1299 -11.8826 -100.247 3.1299 -6.54245 -100.247 3.1299 -6.40352 -100.247 3.1299 -6.40352 -100.21 3.14489 -6.55744 -100.21 3.14489 -11.8677 -100.21 3.14489 -12.0125 -100.027 2.96118 -12.0125 -100.022 3 -6.41255 -100.022 3 -6.40352 -100.022 3 -6.40352 -100.027 2.96118 -6.45137 -100.027 2.96118 -11.9737 -100.027 2.96118 -12.0125 -100.027 3.03882 -12.0125 -100.042 3.075 -11.9375 -100.042 3.075 -6.48755 -100.042 3.075 -6.40352 -100.042 3.075 -6.40352 -100.027 3.03882 -6.45137 -100.027 3.03882 -11.9737 -100.027 3.03882 -6.40352 -100.027 2.96118 -6.40352 -100.022 3 -6.40352 -100.027 3.03882 -6.40352 -100.042 3.075 -6.40352 -100.066 3.10607 -6.40352 -100.097 3.1299 -6.40352 -100.133 3.14489 -6.40352 -100.172 3.15 -6.40352 -100.21 3.14489 -6.40352 -100.247 3.1299 -6.40352 -100.278 3.10607 -6.40352 -100.301 3.075 -6.40352 -100.316 3.03882 -6.40352 -100.322 3 -6.40352 -100.316 2.96118 -6.40352 -100.301 2.925 -6.40352 -100.278 2.89393 -6.40352 -100.247 2.8701 -6.40352 -100.21 2.85511 -6.40352 -100.172 2.85 -6.40352 -100.133 2.85511 -6.40352 -100.097 2.8701 -6.40352 -100.066 2.89393 -6.40352 -100.042 2.925 -12.0125 -100.022 3 -12.0125 -100.027 3.03882 -11.9737 -100.027 3.03882 -6.45137 -100.027 3.03882 -6.40352 -100.027 3.03882 -6.40352 -100.022 3 -6.41255 -100.022 3 -12.0125 -100.042 3.075 -12.0125 -100.066 3.10607 -11.9065 -100.066 3.10607 -6.51861 -100.066 3.10607 -6.40352 -100.066 3.10607 -6.40352 -100.042 3.075 -6.48755 -100.042 3.075 -11.9375 -100.042 3.075 -12.0125 -100.066 3.10607 -12.0125 -100.097 3.1299 -11.8826 -100.097 3.1299 -6.54245 -100.097 3.1299 -6.40352 -100.097 3.1299 -6.40352 -100.066 3.10607 -6.51861 -100.066 3.10607 -11.9065 -100.066 3.10607 -12.0125 -100.247 3.1299 -12.0125 -100.278 3.10607 -11.9065 -100.278 3.10607 -6.51861 -100.278 3.10607 -6.40352 -100.278 3.10607 -6.40352 -100.247 3.1299 -6.54245 -100.247 3.1299 -11.8826 -100.247 3.1299 -12.0125 -100.133 3.14489 -12.0125 -100.172 3.15 -11.8625 -100.172 3.15 -6.56255 -100.172 3.15 -6.40352 -100.172 3.15 -6.40352 -100.133 3.14489 -6.55744 -100.133 3.14489 -11.8677 -100.133 3.14489 -12.2625 -99.9216 0 -11.7625 -99.9216 0 -11.7625 -100.422 0 -12.2625 -100.422 0 -11.8826 -100.097 0 -11.9065 -100.066 0 -11.9375 -100.042 0 -11.9737 -100.027 0 -12.0125 -100.022 0 -12.0514 -100.027 0 -12.0875 -100.042 0 -12.1186 -100.066 0 -12.1425 -100.097 0 -12.1574 -100.133 0 -12.1625 -100.172 0 -12.1574 -100.21 0 -12.1425 -100.247 0 -12.1186 -100.278 0 -12.0875 -100.301 0 -12.0514 -100.316 0 -12.0125 -100.322 0 -11.9737 -100.316 0 -11.9375 -100.301 0 -11.9065 -100.278 0 -11.8826 -100.247 0 -11.8677 -100.21 0 -11.8625 -100.172 0 -11.8677 -100.133 0 -6.41255 -100.022 0 -6.41255 -100.022 2 -6.26255 -100.172 0 -6.26255 -100.172 2 -6.56255 -100.172 0 -6.56255 -100.172 2 -12.1625 -100.172 0 -12.1625 -100.172 2</float_array>
          <technique_common>
            <accessor source="#Geometry1-position-array" count="772" stride="3">
              <param name="X" type="float"/>
              <param name="Y" type="float"/>
              <param name="Z" type="float"/>
            </accessor>
          </technique_common>
        </source>
        <source id="Geometry1-normal">
          <float_array id="Geometry1-normal-array" count="270">0.991445 0.130526 0 0.991445 -0.130526 0 0 0 1 -1 0 0 0.92388 -0.382683 0 0 0 -1 0.92388 0.382683 0 0.793353 0.608761 0 0.608761 0.793353 0 0.382683 0.92388 0 0.130526 0.991445 0 -0.130526 0.991445 0 -0.382683 0.92388 0 -0.608761 0.793353 0 -0.793353 0.608761 0 -0.92388 0.382683 0 -0.991445 0.130526 0 -0.991445 -0.130526 0 -0.92388 -0.382683 0 -0.793353 -0.608761 0 -0.608761 -0.793353 0 -0.382683 -0.92388 0 0.130526 -0.991445 0 -0.130526 -0.991445 0 0.382683 -0.92388 0 0.608761 -0.793353 0 0.793353 -0.608761 0 0.92388 -0.382683 0 0.991445 -0.130526 0 0.991445 0.130526 0 0.92388 0.382683 0 0.793353 0.608761 0 0.382683 0.92388 0 0.608761 0.793353 0 0.130526 0.991445 0 -0.130526 0.991445 0 -0.608761 0.793353 0 -0.382683 0.92388 0 -0.793353 0.608761 0 -0.991445 0.130526 0 -0.92388 0.382683 0 -0.92388 -0.382683 0 -0.991445 -0.130526 0 0 0 1 -0.793353 -0.608761 0 -0.608761 -0.793353 0 -0.382683 -0.92388 0 -0.130526 -0.991445 0 0.130526 -0.991445 0 0.382683 -0.92388 0 0.608761 -0.793353 0 0.793353 -0.608761 0 0 -1 0 0 0 -1 1 0 0 0 1 0 0 0 1 -1 0 0 0 0 1 -1 0 0 1 0 0 0 1 0 0 -1 0 0 0 -1 0 0.382683 0.92388 0 0.92388 -0.382683 0 0.793353 -0.608761 0 0.608761 -0.793353 0 0.382683 -0.92388 0 0.130526 -0.991445 0 -0.130526 -0.991445 0 -0.382683 -0.92388 0 -0.608761 -0.793353 0 -0.793353 -0.608761 0 -0.92388 -0.382683 0 -0.991445 -0.130526 0 -0.991445 0.130526 0 -0.92388 0.382683 0 -0.793353 0.608761 0 -0.130526 0.991445 0 -0.382683 0.92388 0 0.991445 -0.130526 0 0.92388 0.382683 1 0 0 0 0.991445 0.130526 0 0.793353 0.608761 0 0.608761 0.793353 0 -0.608761 0.793353 0 0.130526 0.991445 0 0 -1</float_array>
          <technique_common>
            <accessor source="#Geometry1-normal-array" count="90" stride="3">
              <param name="X" type="float"/>
              <param name="Y" type="float"/>
              <param name="Z" type="float"/>
            </accessor>
          </technique_common>
        </source>
        <source id="Geometry1-texcoord">
          <float_array id="Geometry1-texcoord-array" count="0"/>
          <technique_common>
            <accessor source="#Geometry1-texcoord-array" count="0" stride="2">
              <param name="S" type="float"/>
              <param name="T" type="float"/>
            </accessor>
          </technique_common>
        </source>
        <vertices id="Geometry1-vertices">
          <input semantic="POSITION" source="#Geometry1-position"/>
        </vertices>
        <triangles material="Material2" count="420">
          <input semantic="VERTEX" source="#Geometry1-vertices" offset="0"/>
          <input semantic="NORMAL" source="#Geometry1-normal" offset="1"/>
          <p>0 0 1 0 2 0 0 0 2 0 3 0 0 0 3 0 4 0 0 0 4 0 5 0 0 0 5 0 6 0 0 0 6 0 7 0 8 1 9 1 10 1 8 1 10 1 11 1 8 1 11 1 12 1 8 1 12 1 13 1 8 1 13 1 14 1 8 1 14 1 15 1 16 2 17 2 18 2 16 2 18 2 19 2 16 2 19 2 20 2 16 2 20 2 21 2 16 2 21 2 22 2 16 2 22 2 23 2 16 2 23 2 24 2 16 2 24 2 25 2 16 2 25 2 26 2 16 2 26 2 27 2 16 2 27 2 28 2 16 2 28 2 29 2 16 2 29 2 30 2 16 2 30 2 31 2 16 2 31 2 32 2 16 2 32 2 33 2 16 2 33 2 34 2 16 2 34 2 35 2 16 2 35 2 36 2 16 2 36 2 37 2 16 2 37 2 38 2 16 2 38 2 39 2 64 4 65 4 66 4 64 4 66 4 67 4 64 4 67 4 68 4 64 4 68 4 69 4 64 4 69 4 70 4 64 4 70 4 71 4 72 5 73 5 74 5 72 5 74 5 75 5 72 5 75 5 76 5 72 5 76 5 77 5 72 5 77 5 78 5 72 5 78 5 79 5 72 5 79 5 80 5 72 5 80 5 81 5 72 5 81 5 82 5 72 5 82 5 83 5 72 5 83 5 84 5 72 5 84 5 85 5 72 5 85 5 86 5 72 5 86 5 87 5 72 5 87 5 88 5 72 5 88 5 89 5 72 5 89 5 90 5 72 5 90 5 91 5 72 5 91 5 92 5 72 5 92 5 93 5 72 5 93 5 94 5 72 5 94 5 95 5 96 6 97 6 98 6 96 6 98 6 99 6 96 6 99 6 100 6 96 6 100 6 101 6 96 6 101 6 102 6 96 6 102 6 103 6 104 7 105 7 106 7 104 7 106 7 107 7 104 7 107 7 108 7 104 7 108 7 109 7 104 7 109 7 110 7 104 7 110 7 111 7 112 8 113 8 114 8 112 8 114 8 115 8 112 8 115 8 116 8 112 8 116 8 117 8 112 8 117 8 118 8 112 8 118 8 119 8 120 9 121 9 122 9 120 9 122 9 123 9 120 9 123 9 124 9 120 9 124 9 125 9 120 9 125 9 126 9 120 9 126 9 127 9 128 10 129 10 130 10 128 10 130 10 131 10 128 10 131 10 132 10 128 10 132 10 133 10 128 10 133 10 134 10 135 11 136 11 137 11 135 11 137 11 138 11 135 11 138 11 139 11 140 12 141 12 142 12 140 12 142 12 143 12 144 13 145 13 146 13 144 13 146 13 147 13 148 14 149 14 150 14 148 14 150 14 151 14 152 15 153 15 154 15 152 15 154 15 155 15 156 16 157 16 158 16 156 16 158 16 159 16 160 17 161 17 162 17 160 17 162 17 163 17 164 18 165 18 166 18 164 18 166 18 167 18 164 18 167 18 168 18 164 18 168 18 169 18 164 18 169 18 170 18 164 18 170 18 171 18 172 19 173 19 174 19 172 19 174 19 175 19 172 19 175 19 176 19 172 19 176 19 177 19 172 19 177 19 178 19 172 19 178 19 179 19 180 20 181 20 182 20 180 20 182 20 183 20 180 20 183 20 184 20 180 20 184 20 185 20 180 20 185 20 186 20 180 20 186 20 187 20 188 21 189 21 190 21 188 21 190 21 191 21 188 21 191 21 192 21 188 21 192 21 193 21 188 21 193 21 194 21 188 21 194 21 195 21 196 22 197 22 198 22 196 22 198 22 199 22 196 22 199 22 200 22 201 23 202 23 203 23 201 23 203 23 204 23 201 23 204 23 205 23 201 23 205 23 206 23 201 23 206 23 207 23 208 24 209 24 210 24 208 24 210 24 211 24 212 25 213 25 214 25 212 25 214 25 215 25 216 26 217 26 218 26 216 26 218 26 219 26 220 27 221 27 222 27 220 27 222 27 223 27 224 28 225 28 226 28 224 28 226 28 227 28 228 29 229 29 230 29 228 29 230 29 231 29 232 30 233 30 234 30 232 30 234 30 235 30 236 31 237 31 238 31 236 31 238 31 239 31 240 32 241 32 242 32 240 32 242 32 243 32 244 33 245 33 246 33 244 33 246 33 247 33 248 34 249 34 250 34 248 34 250 34 251 34 248 34 251 34 252 34 253 35 254 35 255 35 253 35 255 35 256 35 253 35 256 35 257 35 253 35 257 35 258 35 253 35 258 35 259 35 260 36 261 36 262 36 260 36 262 36 263 36 260 36 263 36 264 36 260 36 264 36 265 36 260 36 265 36 266 36 260 36 266 36 267 36 268 37 269 37 270 37 268 37 270 37 271 37 268 37 271 37 272 37 268 37 272 37 273 37 268 37 273 37 274 37 268 37 274 37 275 37 276 38 277 38 278 38 276 38 278 38 279 38 276 38 279 38 280 38 276 38 280 38 281 38 276 38 281 38 282 38 276 38 282 38 283 38 284 39 285 39 286 39 284 39 286 39 287 39 284 39 287 39 288 39 284 39 288 39 289 39 284 39 289 39 290 39 284 39 290 39 291 39 292 40 293 40 294 40 292 40 294 40 295 40 292 40 295 40 296 40 292 40 296 40 297 40 292 40 297 40 298 40 292 40 298 40 299 40 300 41 301 41 302 41 300 41 302 41 303 41 304 42 305 42 306 42 304 42 306 42 307 42 304 42 307 42 308 42 304 42 308 42 309 42 304 42 309 42 310 42 304 42 310 42 311 42 312 43 313 43 314 43 312 43 314 43 315 43 312 43 315 43 316 43 312 43 316 43 317 43 312 43 317 43 318 43 312 43 318 43 319 43 312 43 319 43 320 43 312 43 320 43 321 43 312 43 321 43 322 43 312 43 322 43 323 43 312 43 323 43 324 43 312 43 324 43 325 43 312 43 325 43 326 43 312 43 326 43 327 43 312 43 327 43 328 43 312 43 328 43 329 43 312 43 329 43 330 43 312 43 330 43 331 43 312 43 331 43 332 43 312 43 332 43 333 43 312 43 333 43 334 43 312 43 334 43 335 43 336 44 337 44 338 44 336 44 338 44 339 44 340 45 341 45 342 45 340 45 342 45 343 45 344 46 345 46 346 46 344 46 346 46 347 46 348 47 349 47 350 47 348 47 350 47 351 47 348 47 351 47 352 47 353 48 354 48 355 48 353 48 355 48 356 48 353 48 356 48 357 48 353 48 357 48 358 48 353 48 358 48 359 48 360 49 361 49 362 49 360 49 362 49 363 49 360 49 363 49 364 49 360 49 364 49 365 49 360 49 365 49 366 49 360 49 366 49 367 49 368 50 369 50 370 50 368 50 370 50 371 50 368 50 371 50 372 50 368 50 372 50 373 50 368 50 373 50 374 50 368 50 374 50 375 50 376 51 377 51 378 51 376 51 378 51 379 51 376 51 379 51 380 51 376 51 380 51 381 51 376 51 381 51 382 51 376 51 382 51 383 51 500 63 501 63 502 63 500 63 502 63 503 63 500 63 503 63 504 63 500 63 504 63 505 63 500 63 505 63 506 63 500 63 506 63 507 63 500 63 507 63 508 63 500 63 508 63 509 63 500 63 509 63 510 63 500 63 510 63 511 63 500 63 511 63 512 63 500 63 512 63 513 63 500 63 513 63 514 63 500 63 514 63 515 63 500 63 515 63 516 63 500 63 516 63 517 63 500 63 517 63 518 63 500 63 518 63 519 63 500 63 519 63 520 63 500 63 520 63 521 63 500 63 521 63 522 63 500 63 522 63 523 63 524 64 525 64 526 64 524 64 526 64 527 64 524 64 527 64 528 64 524 64 528 64 529 64 524 64 529 64 530 64 524 64 530 64 531 64 532 65 533 65 534 65 532 65 534 65 535 65 532 65 535 65 536 65 532 65 536 65 537 65 532 65 537 65 538 65 532 65 538 65 539 65 540 66 541 66 542 66 540 66 542 66 543 66 540 66 543 66 544 66 540 66 544 66 545 66 540 66 545 66 546 66 540 66 546 66 547 66 548 67 549 67 550 67 548 67 550 67 551 67 548 67 551 67 552 67 548 67 552 67 553 67 548 67 553 67 554 67 548 67 554 67 555 67 556 68 557 68 558 68 556 68 558 68 559 68 556 68 559 68 560 68 556 68 560 68 561 68 556 68 561 68 562 68 556 68 562 68 563 68 564 69 565 69 566 69 564 69 566 69 567 69 564 69 567 69 568 69 564 69 568 69 569 69 564 69 569 69 570 69 564 69 570 69 571 69 572 70 573 70 574 70 572 70 574 70 575 70 572 70 575 70 576 70 572 70 576 70 577 70 572 70 577 70 578 70 572 70 578 70 579 70 580 71 581 71 582 71 580 71 582 71 583 71 580 71 583 71 584 71 580 71 584 71 585 71 580 71 585 71 586 71 580 71 586 71 587 71 588 72 589 72 590 72 588 72 590 72 591 72 588 72 591 72 592 72 588 72 592 72 593 72 588 72 593 72 594 72 588 72 594 72 595 72 596 73 597 73 598 73 596 73 598 73 599 73 596 73 599 73 600 73 596 73 600 73 601 73 596 73 601 73 602 73 596 73 602 73 603 73 604 74 605 74 606 74 604 74 606 74 607 74 604 74 607 74 608 74 604 74 608 74 609 74 604 74 609 74 610 74 604 74 610 74 611 74 612 75 613 75 614 75 612 75 614 75 615 75 612 75 615 75 616 75 612 75 616 75 617 75 612 75 617 75 618 75 619 76 620 76 621 76 619 76 621 76 622 76 619 76 622 76 623 76 619 76 623 76 624 76 619 76 624 76 625 76 626 77 627 77 628 77 626 77 628 77 629 77 626 77 629 77 630 77 626 77 630 77 631 77 626 77 631 77 632 77 626 77 632 77 633 77 634 78 635 78 636 78 634 78 636 78 637 78 634 78 637 78 638 78 634 78 638 78 639 78 634 78 639 78 640 78 634 78 640 78 641 78 642 79 643 79 644 79 642 79 644 79 645 79 642 79 645 79 646 79 642 79 646 79 647 79 642 79 647 79 648 79 642 79 648 79 649 79 650 80 651 80 652 80 650 80 652 80 653 80 650 80 653 80 654 80 650 80 654 80 655 80 650 80 655 80 656 80 650 80 656 80 657 80 658 81 659 81 660 81 658 81 660 81 661 81 658 81 661 81 662 81 658 81 662 81 663 81 658 81 663 81 664 81 665 82 666 82 667 82 665 82 667 82 668 82 665 82 668 82 669 82 665 82 669 82 670 82 665 82 670 82 671 82 665 82 671 82 672 82 697 84 698 84 699 84 697 84 699 84 700 84 697 84 700 84 701 84 697 84 701 84 702 84 697 84 702 84 703 84 704 85 705 85 706 85 704 85 706 85 707 85 704 85 707 85 708 85 704 85 708 85 709 85 704 85 709 85 710 85 704 85 710 85 711 85 712 86 713 86 714 86 712 86 714 86 715 86 712 86 715 86 716 86 712 86 716 86 717 86 712 86 717 86 718 86 712 86 718 86 719 86 720 87 721 87 722 87 720 87 722 87 723 87 720 87 723 87 724 87 720 87 724 87 725 87 720 87 725 87 726 87 720 87 726 87 727 87 728 88 729 88 730 88 728 88 730 88 731 88 728 88 731 88 732 88 728 88 732 88 733 88 728 88 733 88 734 88 728 88 734 88 735 88</p>
        </triangles>
        <triangles material="Material3" count="44">
          <input semantic="VERTEX" source="#Geometry1-vertices" offset="0"/>
          <input semantic="NORMAL" source="#Geometry1-normal" offset="1"/>
          <p>40 3 41 3 42 3 40 3 42 3 43 3 40 3 43 3 44 3 40 3 44 3 45 3 40 3 45 3 46 3 40 3 46 3 47 3 40 3 47 3 48 3 40 3 48 3 49 3 40 3 49 3 50 3 40 3 50 3 51 3 40 3 51 3 52 3 40 3 52 3 53 3 40 3 53 3 54 3 40 3 54 3 55 3 40 3 55 3 56 3 40 3 56 3 57 3 40 3 57 3 58 3 40 3 58 3 59 3 40 3 59 3 60 3 40 3 60 3 61 3 40 3 61 3 62 3 40 3 62 3 63 3 673 83 674 83 675 83 673 83 675 83 676 83 673 83 676 83 677 83 673 83 677 83 678 83 673 83 678 83 679 83 673 83 679 83 680 83 673 83 680 83 681 83 673 83 681 83 682 83 673 83 682 83 683 83 673 83 683 83 684 83 673 83 684 83 685 83 673 83 685 83 686 83 673 83 686 83 687 83 673 83 687 83 688 83 673 83 688 83 689 83 673 83 689 83 690 83 673 83 690 83 691 83 673 83 691 83 692 83 673 83 692 83 693 83 673 83 693 83 694 83 673 83 694 83 695 83 673 83 695 83 696 83</p>
        </triangles>
        <triangles material="Material4" count="128">
          <input semantic="VERTEX" source="#Geometry1-vertices" offset="0"/>
          <input semantic="NORMAL" source="#Geometry1-normal" offset="1"/>
          <p>384 52 385 52 386 52 384 52 386 52 387 52 402 53 391 53 388 53 391 53 402 53 403 53 401 53 402 53 388 53 391 53 403 53 404 53 400 53 401 53 388 53 391 53 404 53 405 53 399 53 400 53 388 53 391 53 405 53 406 53 398 53 399 53 388 53 391 53 406 53 407 53 397 53 398 53 388 53 391 53 407 53 408 53 396 53 397 53 388 53 391 53 408 53 409 53 395 53 396 53 388 53 390 53 391 53 409 53 390 53 409 53 410 53 390 53 410 53 411 53 390 53 411 53 412 53 390 53 412 53 413 53 390 53 413 53 414 53 390 53 414 53 389 53 389 53 414 53 415 53 389 53 415 53 392 53 389 53 392 53 393 53 389 53 393 53 394 53 389 53 394 53 395 53 389 53 395 53 388 53 416 54 417 54 418 54 416 54 418 54 419 54 420 55 421 55 422 55 420 55 422 55 423 55 441 56 427 56 424 56 427 56 441 56 442 56 440 56 441 56 424 56 427 56 442 56 443 56 439 56 440 56 424 56 427 56 443 56 444 56 438 56 439 56 424 56 427 56 444 56 445 56 437 56 438 56 424 56 427 56 445 56 446 56 436 56 437 56 424 56 427 56 446 56 447 56 435 56 436 56 424 56 427 56 447 56 448 56 434 56 435 56 424 56 426 56 427 56 448 56 426 56 448 56 449 56 426 56 449 56 450 56 426 56 450 56 451 56 426 56 451 56 428 56 426 56 428 56 429 56 426 56 429 56 425 56 425 56 429 56 430 56 425 56 430 56 431 56 425 56 431 56 432 56 425 56 432 56 433 56 425 56 433 56 434 56 425 56 434 56 424 56 452 57 453 57 454 57 452 57 454 57 455 57 479 58 457 58 458 58 457 58 479 58 480 58 478 58 479 58 458 58 457 58 480 58 481 58 477 58 478 58 458 58 457 58 481 58 482 58 476 58 477 58 458 58 457 58 482 58 483 58 475 58 476 58 458 58 457 58 483 58 460 58 474 58 475 58 458 58 457 58 460 58 461 58 473 58 474 58 458 58 457 58 461 58 462 58 472 58 473 58 458 58 456 58 457 58 462 58 456 58 462 58 463 58 456 58 463 58 464 58 456 58 464 58 465 58 456 58 465 58 466 58 456 58 466 58 467 58 456 58 467 58 459 58 459 58 467 58 468 58 459 58 468 58 469 58 459 58 469 58 470 58 459 58 470 58 471 58 459 58 471 58 472 58 459 58 472 58 458 58 484 59 485 59 486 59 484 59 486 59 487 59 488 60 489 60 490 60 488 60 490 60 491 60 492 61 493 61 494 61 492 61 494 61 495 61 496 62 497 62 498 62 496 62 498 62 499 62 756 89 738 89 739 89 738 89 756 89 757 89 755 89 756 89 739 89 738 89 757 89 758 89 754 89 755 89 739 89 738 89 758 89 759 89 753 89 754 89 739 89 738 89 759 89 760 89 752 89 753 89 739 89 738 89 760 89 761 89 751 89 752 89 739 89 738 89 761 89 762 89 750 89 751 89 739 89 738 89 762 89 763 89 749 89 750 89 739 89 737 89 738 89 763 89 737 89 763 89 740 89 737 89 740 89 741 89 737 89 741 89 742 89 737 89 742 89 743 89 737 89 743 89 744 89 737 89 744 89 736 89 736 89 744 89 745 89 736 89 745 89 746 89 736 89 746 89 747 89 736 89 747 89 748 89 736 89 748 89 749 89 736 89 749 89 739 89</p>
        </triangles>
        <lines material="Material9" count="1">
          <input semantic="VERTEX" source="#Geometry1-vertices" offset="0"/>
          <p>764 765</p>
        </lines>
        <lines material="Material9" count="1">
          <input semantic="VERTEX" source="#Geometry1-vertices" offset="0"/>
          <p>766 767</p>
        </lines>
        <lines material="Material9" count="1">
          <input semantic="VERTEX" source="#Geometry1-vertices" offset="0"/>
          <p>768 769</p>
        </lines>
        <lines material="Material9" count="1">
          <input semantic="VERTEX" source="#Geometry1-vertices" offset="0"/>
          <p>770 771</p>
        </lines>
      </mesh>
    </geometry>
    <geometry id="Geometry2">
      <mesh>
        <source id="Geometry2-position">
          <float_array id="Geometry2-position-array" count="2304">-9.08035 -103.403 0.108046 -9.08035 -103.467 0.108046 -8.99521 -103.403 0.108046 -8.99521 -103.467 0.108046 -8.99521 -103.403 0.675525 -8.99521 -103.467 0.675525 -8.78235 -103.403 0.675525 -8.78235 -103.467 0.675525 -8.78235 -103.403 0.751452 -8.78235 -103.467 0.751452 -9.29233 -103.403 0.751452 -9.29233 -103.467 0.751452 -9.29233 -103.403 0.675525 -9.29233 -103.467 0.675525 -9.08035 -103.403 0.675525 -9.08035 -103.467 0.675525 -8.69238 -103.403 0.108046 -8.69238 -103.467 0.108046 -8.60723 -103.403 0.108046 -8.60723 -103.467 0.108046 -8.60723 -103.403 0.411316 -8.60723 -103.467 0.411316 -8.2728 -103.403 0.411316 -8.2728 -103.467 0.411316 -8.2728 -103.403 0.108046 -8.2728 -103.467 0.108046 -8.18766 -103.403 0.108046 -8.18766 -103.467 0.108046 -8.18766 -103.403 0.751452 -8.18766 -103.467 0.751452 -8.2728 -103.403 0.751452 -8.2728 -103.467 0.751452 -8.2728 -103.403 0.487243 -8.2728 -103.467 0.487243 -8.60723 -103.403 0.487243 -8.60723 -103.467 0.487243 -8.60723 -103.403 0.751452 -8.60723 -103.467 0.751452 -8.69238 -103.403 0.751452 -8.69238 -103.467 0.751452 -8.04414 -103.403 0.108046 -8.04414 -103.467 0.108046 -7.564 -103.403 0.108046 -7.564 -103.467 0.108046 -7.564 -103.403 0.183973 -7.564 -103.467 0.183973 -7.959 -103.403 0.183973 -7.959 -103.467 0.183973 -7.959 -103.403 0.402977 -7.959 -103.467 0.402977 -7.60306 -103.403 0.402977 -7.60306 -103.467 0.402977 -7.60306 -103.403 0.478465 -7.60306 -103.467 0.478465 -7.959 -103.403 0.478465 -7.959 -103.467 0.478465 -7.959 -103.403 0.675525 -7.959 -103.467 0.675525 -7.57893 -103.403 0.675525 -7.57893 -103.467 0.675525 -7.57893 -103.403 0.751452 -7.57893 -103.467 0.751452 -8.04414 -103.403 0.751452 -8.04414 -103.467 0.751452 -6.9443 -103.403 0.108046 -6.9443 -103.467 0.108046 -6.85915 -103.403 0.108046 -6.85915 -103.467 0.108046 -6.85915 -103.403 0.411316 -6.85915 -103.467 0.411316 -6.52472 -103.403 0.411316 -6.52472 -103.467 0.411316 -6.52472 -103.403 0.108046 -6.52472 -103.467 0.108046 -6.43958 -103.403 0.108046 -6.43958 -103.467 0.108046 -6.43958 -103.403 0.751452 -6.43958 -103.467 0.751452 -6.52472 -103.403 0.751452 -6.52472 -103.467 0.751452 -6.52472 -103.403 0.487243 -6.52472 -103.467 0.487243 -6.85915 -103.403 0.487243 -6.85915 -103.467 0.487243 -6.85915 -103.403 0.751452 -6.85915 -103.467 0.751452 -6.9443 -103.403 0.751452 -6.9443 -103.467 0.751452 -5.3393 -103.403 0.333633 -5.3393 -103.467 0.333633 -5.35456 -103.403 0.283942 -5.35456 -103.467 0.283942 -5.37694 -103.403 0.243125 -5.37694 -103.467 0.243125 -5.40645 -103.403 0.211184 -5.40645 -103.467 0.211184 -5.44195 -103.403 0.188265 -5.44195 -103.467 0.188265 -5.48232 -103.403 0.174513 -5.48232 -103.467 0.174513 -5.52758 -103.403 0.169929 -5.52758 -103.467 0.169929 -5.56586 -103.403 0.173294 -5.56586 -103.467 0.173294 -5.60229 -103.403 0.183388 -5.60229 -103.467 0.183388 -5.63686 -103.403 0.200212 -5.63686 -103.467 0.200212 -5.66756 -103.403 0.223839 -5.66756 -103.467 0.223839 -5.69235 -103.403 0.254341 -5.69235 -103.467 0.254341 -5.71125 -103.403 0.29172 -5.71125 -103.467 0.29172 -5.72454 -103.403 0.334852 -5.72454 -103.467 0.334852 -5.73251 -103.403 0.382618 -5.73251 -103.467 0.382618 -5.73517 -103.403 0.435016 -5.73517 -103.467 0.435016 -5.73293 -103.403 0.477027 -5.73293 -103.467 0.477027 -5.7262 -103.403 0.518209 -5.7262 -103.467 0.518209 -5.71498 -103.403 0.558562 -5.71498 -103.467 0.558562 -5.69823 -103.403 0.595794 -5.69823 -103.467 0.595794 -5.6749 -103.403 0.627613 -5.6749 -103.467 0.627613 -5.64498 -103.403 0.654019 -5.64498 -103.467 0.654019 -5.60906 -103.403 0.673769 -5.60906 -103.467 0.673769 -5.56774 -103.403 0.685619 -5.56774 -103.467 0.685619 -5.52099 -103.403 0.689569 -5.52099 -103.467 0.689569 -5.48042 -103.403 0.686009 -5.48042 -103.467 0.686009 -5.44473 -103.403 0.675329 -5.44473 -103.467 0.675329 -5.41391 -103.403 0.65753 -5.41391 -103.467 0.65753 -5.38777 -103.403 0.631929 -5.38777 -103.467 0.631929 -5.36612 -103.403 0.597842 -5.36612 -103.467 0.597842 -5.34895 -103.403 0.55527 -5.34895 -103.467 0.55527 -5.26512 -103.403 0.57502 -5.26512 -103.467 0.57502 -5.28057 -103.403 0.61707 -5.28057 -103.467 0.61707 -5.301 -103.403 0.654129 -5.301 -103.467 0.654129 -5.32643 -103.403 0.686195 -5.32643 -103.467 0.686195 -5.35685 -103.403 0.713269 -5.35685 -103.467 0.713269 -5.39169 -103.403 0.734774 -5.39169 -103.467 0.734774 -5.43036 -103.403 0.750135 -5.43036 -103.467 0.750135 -5.47288 -103.403 0.759352 -5.47288 -103.467 0.759352 -5.51924 -103.403 0.762424 -5.51924 -103.467 0.762424 -5.57442 -103.403 0.758108 -5.57442 -103.467 0.758108 -5.62642 -103.403 0.745161 -5.62642 -103.467 0.745161 -5.67526 -103.403 0.723582 -5.67526 -103.467 0.723582 -5.71891 -103.403 0.69369 -5.71891 -103.467 0.69369 -5.75533 -103.403 0.655799 -5.75533 -103.467 0.655799 -5.78454 -103.403 0.609911 -5.78454 -103.467 0.609911 -5.80135 -103.403 0.570892 -5.80135 -103.467 0.570892 -5.81335 -103.403 0.528663 -5.81335 -103.467 0.528663 -5.82055 -103.403 0.483224 -5.82055 -103.467 0.483224 -5.82295 -103.403 0.434577 -5.82295 -103.467 0.434577 -5.82082 -103.403 0.389234 -5.82082 -103.467 0.389234 -5.81444 -103.403 0.345373 -5.81444 -103.467 0.345373 -5.80381 -103.403 0.302993 -5.80381 -103.467 0.302993 -5.78893 -103.403 0.262095 -5.78893 -103.467 0.262095 -5.76279 -103.403 0.212769 -5.76279 -103.467 0.212769 -5.72973 -103.403 0.17188 -5.72973 -103.467 0.17188 -5.68975 -103.403 0.139426 -5.68975 -103.467 0.139426 -5.65473 -103.403 0.120897 -5.65473 -103.467 0.120897 -5.61486 -103.403 0.107662 -5.61486 -103.467 0.107662 -5.57014 -103.403 0.099721 -5.57014 -103.467 0.099721 -5.52056 -103.403 0.097074 -5.52056 -103.467 0.097074 -5.47224 -103.403 0.100517 -5.47224 -103.467 0.100517 -5.42779 -103.403 0.110844 -5.42779 -103.467 0.110844 -5.3872 -103.403 0.128057 -5.3872 -103.467 0.128057 -5.35049 -103.403 0.152154 -5.35049 -103.467 0.152154 -5.31838 -103.403 0.182808 -5.31838 -103.467 0.182808 -5.29162 -103.403 0.219688 -5.29162 -103.467 0.219688 -5.27021 -103.403 0.262794 -5.27021 -103.467 0.262794 -5.25415 -103.403 0.312128 -5.25415 -103.467 0.312128 -5.17515 -103.403 0.42141 -5.17515 -103.467 0.42141 -5.17285 -103.403 0.379606 -5.17285 -103.467 0.379606 -5.16594 -103.403 0.3389 -5.16594 -103.467 0.3389 -5.15442 -103.403 0.29929 -5.15442 -103.467 0.29929 -5.13829 -103.403 0.260778 -5.13829 -103.467 0.260778 -5.10986 -103.403 0.21372 -5.10986 -103.467 0.21372 -5.07372 -103.403 0.173781 -5.07372 -103.467 0.173781 -5.02988 -103.403 0.140963 -5.02988 -103.467 0.140963 -4.99291 -103.403 0.121761 -4.99291 -103.467 0.121761 -4.95352 -103.403 0.108046 -4.95352 -103.467 0.108046 -4.91171 -103.403 0.099817 -4.91171 -103.467 0.099817 -4.86749 -103.403 0.097074 -4.86749 -103.467 0.097074 -4.81288 -103.403 0.101487 -4.81288 -103.467 0.101487 -4.7608 -103.403 0.114727 -4.7608 -103.467 0.114727 -4.71125 -103.403 0.136793 -4.71125 -103.467 0.136793 -4.66663 -103.403 0.167442 -4.66663 -103.467 0.167442 -4.62933 -103.403 0.20643 -4.62933 -103.467 0.20643 -4.59934 -103.403 0.253756 -4.59934 -103.467 0.253756 -4.58205 -103.403 0.293667 -4.58205 -103.467 0.293667 -4.56971 -103.403 0.336157 -4.56971 -103.467 0.336157 -4.5623 -103.403 0.381225 -4.5623 -103.467 0.381225 -4.55984 -103.403 0.428871 -4.55984 -103.467 0.428871 -4.56218 -103.403 0.475873 -4.56218 -103.467 0.475873 -4.56922 -103.403 0.520324 -4.56922 -103.467 0.520324 -4.58094 -103.403 0.562224 -4.58094 -103.467 0.562224 -4.59736 -103.403 0.601572 -4.59736 -103.467 0.601572 -4.62616 -103.403 0.648606 -4.62616 -103.467 0.648606 -4.66251 -103.403 0.688179 -4.66251 -103.467 0.688179 -4.70642 -103.403 0.720291 -4.70642 -103.467 0.720291 -4.74329 -103.403 0.738916 -4.74329 -103.467 0.738916 -4.78235 -103.403 0.75222 -4.78235 -103.467 0.75222 -4.82361 -103.403 0.760202 -4.82361 -103.467 0.760202 -4.86706 -103.403 0.762863 -4.86706 -103.467 0.762863 -4.93196 -103.403 0.757198 -4.93196 -103.467 0.757198 -4.9906 -103.403 0.740205 -4.9906 -103.467 0.740205 -5.04299 -103.403 0.711883 -5.04299 -103.467 0.711883 -5.08913 -103.403 0.672233 -5.08913 -103.467 0.672233 -5.1201 -103.403 0.633198 -5.1201 -103.467 0.633198 -5.14418 -103.403 0.588599 -5.14418 -103.467 0.588599 -5.16139 -103.403 0.538434 -5.16139 -103.467 0.538434 -5.17171 -103.403 0.482705 -5.17171 -103.467 0.482705 -5.08738 -103.403 0.420093 -5.08738 -103.467 0.420093 -5.0833 -103.403 0.487531 -5.0833 -103.467 0.487531 -5.07108 -103.403 0.544572 -5.07108 -103.467 0.544572 -5.05071 -103.403 0.591217 -5.05071 -103.467 0.591217 -5.0222 -103.403 0.627467 -5.0222 -103.467 0.627467 -4.98804 -103.403 0.654636 -4.98804 -103.467 0.654636 -4.95072 -103.403 0.674043 -4.95072 -103.467 0.674043 -4.91024 -103.403 0.685687 -4.91024 -103.467 0.685687 -4.86662 -103.403 0.689569 -4.86662 -103.467 0.689569 -4.82558 -103.403 0.685985 -4.82558 -103.467 0.685985 -4.78732 -103.403 0.675232 -4.78732 -103.467 0.675232 -4.75185 -103.403 0.657311 -4.75185 -103.467 0.657311 -4.72049 -103.403 0.63288 -4.72049 -103.467 0.63288 -4.6946 -103.403 0.602597 -4.6946 -103.467 0.602597 -4.67417 -103.403 0.566462 -4.67417 -103.467 0.566462 -4.65941 -103.403 0.525182 -4.65941 -103.467 0.525182 -4.65056 -103.403 0.479465 -4.65056 -103.467 0.479465 -4.64761 -103.403 0.42931 -4.64761 -103.467 0.42931 -4.65149 -103.403 0.370746 -4.65149 -103.467 0.370746 -4.66314 -103.403 0.31926 -4.66314 -103.467 0.31926 -4.68255 -103.403 0.27485 -4.68255 -103.467 0.27485 -4.70971 -103.403 0.237517 -4.70971 -103.467 0.237517 -4.74289 -103.403 0.207947 -4.74289 -103.467 0.207947 -4.78032 -103.403 0.186826 -4.78032 -103.467 0.186826 -4.822 -103.403 0.174153 -4.822 -103.467 0.174153 -4.86793 -103.403 0.169929 -4.86793 -103.467 0.169929 -4.91312 -103.403 0.174112 -4.91312 -103.467 0.174112 -4.95434 -103.403 0.186661 -4.95434 -103.467 0.186661 -4.99158 -103.403 0.207577 -4.99158 -103.467 0.207577 -5.02483 -103.403 0.236859 -5.02483 -103.467 0.236859 -5.0522 -103.403 0.27341 -5.0522 -103.467 0.27341 -5.07174 -103.403 0.316133 -5.07174 -103.467 0.316133 -5.08347 -103.403 0.365027 -5.08347 -103.467 0.365027 -4.45099 -103.403 0.108046 -4.45099 -103.467 0.108046 -4.36936 -103.403 0.108046 -4.36936 -103.467 0.108046 -4.36936 -103.403 0.613642 -4.36936 -103.467 0.613642 -4.03142 -103.403 0.108046 -4.03142 -103.467 0.108046 -3.94408 -103.403 0.108046 -3.94408 -103.467 0.108046 -3.94408 -103.403 0.751452 -3.94408 -103.467 0.751452 -4.02571 -103.403 0.751452 -4.02571 -103.467 0.751452 -4.02571 -103.403 0.246295 -4.02571 -103.467 0.246295 -4.36365 -103.403 0.751452 -4.36365 -103.467 0.751452 -4.45099 -103.403 0.751452 -4.45099 -103.467 0.751452 -3.80188 -103.403 0.108046 -3.80188 -103.467 0.108046 -3.72025 -103.403 0.108046 -3.72025 -103.467 0.108046 -3.72025 -103.403 0.613642 -3.72025 -103.467 0.613642 -3.38231 -103.403 0.108046 -3.38231 -103.467 0.108046 -3.29497 -103.403 0.108046 -3.29497 -103.467 0.108046 -3.29497 -103.403 0.751452 -3.29497 -103.467 0.751452 -3.3766 -103.403 0.751452 -3.3766 -103.467 0.751452 -3.3766 -103.403 0.246295 -3.3766 -103.467 0.246295 -3.71454 -103.403 0.751452 -3.71454 -103.467 0.751452 -3.80188 -103.403 0.751452 -3.80188 -103.467 0.751452 -3.15014 -103.403 0.108046 -3.15014 -103.467 0.108046 -2.67 -103.403 0.108046 -2.67 -103.467 0.108046 -2.67 -103.403 0.183973 -2.67 -103.467 0.183973 -3.06499 -103.403 0.183973 -3.06499 -103.467 0.183973 -3.06499 -103.403 0.402977 -3.06499 -103.467 0.402977 -2.70906 -103.403 0.402977 -2.70906 -103.467 0.402977 -2.70906 -103.403 0.478465 -2.70906 -103.467 0.478465 -3.06499 -103.403 0.478465 -3.06499 -103.467 0.478465 -3.06499 -103.403 0.675525 -3.06499 -103.467 0.675525 -2.68492 -103.403 0.675525 -2.68492 -103.467 0.675525 -2.68492 -103.403 0.751452 -2.68492 -103.467 0.751452 -3.15014 -103.403 0.751452 -3.15014 -103.467 0.751452 -2.0933 -103.403 0.333633 -2.0933 -103.467 0.333633 -2.10857 -103.403 0.283942 -2.10857 -103.467 0.283942 -2.13095 -103.403 0.243125 -2.13095 -103.467 0.243125 -2.16045 -103.403 0.211184 -2.16045 -103.467 0.211184 -2.19595 -103.403 0.188265 -2.19595 -103.467 0.188265 -2.23633 -103.403 0.174513 -2.23633 -103.467 0.174513 -2.28158 -103.403 0.169929 -2.28158 -103.467 0.169929 -2.31986 -103.403 0.173294 -2.31986 -103.467 0.173294 -2.35629 -103.403 0.183388 -2.35629 -103.467 0.183388 -2.39087 -103.403 0.200212 -2.39087 -103.467 0.200212 -2.42156 -103.403 0.223839 -2.42156 -103.467 0.223839 -2.44636 -103.403 0.254341 -2.44636 -103.467 0.254341 -2.46526 -103.403 0.29172 -2.46526 -103.467 0.29172 -2.47855 -103.403 0.334852 -2.47855 -103.467 0.334852 -2.48652 -103.403 0.382618 -2.48652 -103.467 0.382618 -2.48918 -103.403 0.435016 -2.48918 -103.467 0.435016 -2.48693 -103.403 0.477027 -2.48693 -103.467 0.477027 -2.4802 -103.403 0.518209 -2.4802 -103.467 0.518209 -2.46899 -103.403 0.558562 -2.46899 -103.467 0.558562 -2.45224 -103.403 0.595794 -2.45224 -103.467 0.595794 -2.4289 -103.403 0.627613 -2.4289 -103.467 0.627613 -2.39899 -103.403 0.654019 -2.39899 -103.467 0.654019 -2.36307 -103.403 0.673769 -2.36307 -103.467 0.673769 -2.32174 -103.403 0.685619 -2.32174 -103.467 0.685619 -2.275 -103.403 0.689569 -2.275 -103.467 0.689569 -2.23443 -103.403 0.686009 -2.23443 -103.467 0.686009 -2.19873 -103.403 0.675329 -2.19873 -103.467 0.675329 -2.16791 -103.403 0.65753 -2.16791 -103.467 0.65753 -2.14177 -103.403 0.631929 -2.14177 -103.467 0.631929 -2.12012 -103.403 0.597842 -2.12012 -103.467 0.597842 -2.10296 -103.403 0.55527 -2.10296 -103.467 0.55527 -2.01913 -103.403 0.57502 -2.01913 -103.467 0.57502 -2.03457 -103.403 0.61707 -2.03457 -103.467 0.61707 -2.05501 -103.403 0.654129 -2.05501 -103.467 0.654129 -2.08044 -103.403 0.686195 -2.08044 -103.467 0.686195 -2.11086 -103.403 0.713269 -2.11086 -103.467 0.713269 -2.14569 -103.403 0.734774 -2.14569 -103.467 0.734774 -2.18437 -103.403 0.750135 -2.18437 -103.467 0.750135 -2.22689 -103.403 0.759352 -2.22689 -103.467 0.759352 -2.27324 -103.403 0.762424 -2.27324 -103.467 0.762424 -2.32842 -103.403 0.758108 -2.32842 -103.467 0.758108 -2.38043 -103.403 0.745161 -2.38043 -103.467 0.745161 -2.42927 -103.403 0.723582 -2.42927 -103.467 0.723582 -2.47291 -103.403 0.69369 -2.47291 -103.467 0.69369 -2.50934 -103.403 0.655799 -2.50934 -103.467 0.655799 -2.53855 -103.403 0.609911 -2.53855 -103.467 0.609911 -2.55535 -103.403 0.570892 -2.55535 -103.467 0.570892 -2.56735 -103.403 0.528663 -2.56735 -103.467 0.528663 -2.57455 -103.403 0.483224 -2.57455 -103.467 0.483224 -2.57695 -103.403 0.434577 -2.57695 -103.467 0.434577 -2.57483 -103.403 0.389234 -2.57483 -103.467 0.389234 -2.56845 -103.403 0.345373 -2.56845 -103.467 0.345373 -2.55782 -103.403 0.302993 -2.55782 -103.467 0.302993 -2.54294 -103.403 0.262095 -2.54294 -103.467 0.262095 -2.5168 -103.403 0.212769 -2.5168 -103.467 0.212769 -2.48374 -103.403 0.17188 -2.48374 -103.467 0.17188 -2.44375 -103.403 0.139426 -2.44375 -103.467 0.139426 -2.40874 -103.403 0.120897 -2.40874 -103.467 0.120897 -2.36887 -103.403 0.107662 -2.36887 -103.467 0.107662 -2.32414 -103.403 0.099721 -2.32414 -103.467 0.099721 -2.27456 -103.403 0.097074 -2.27456 -103.467 0.097074 -2.22624 -103.403 0.100517 -2.22624 -103.467 0.100517 -2.18179 -103.403 0.110844 -2.18179 -103.467 0.110844 -2.14121 -103.403 0.128057 -2.14121 -103.467 0.128057 -2.10449 -103.403 0.152154 -2.10449 -103.467 0.152154 -2.07239 -103.403 0.182808 -2.07239 -103.467 0.182808 -2.04563 -103.403 0.219688 -2.04563 -103.467 0.219688 -2.02422 -103.403 0.262794 -2.02422 -103.467 0.262794 -2.00816 -103.403 0.312128 -2.00816 -103.467 0.312128 -1.73956 -103.403 0.108046 -1.73956 -103.467 0.108046 -1.65442 -103.403 0.108046 -1.65442 -103.467 0.108046 -1.65442 -103.403 0.675525 -1.65442 -103.467 0.675525 -1.44156 -103.403 0.675525 -1.44156 -103.467 0.675525 -1.44156 -103.403 0.751452 -1.44156 -103.467 0.751452 -1.95154 -103.403 0.751452 -1.95154 -103.467 0.751452 -1.95154 -103.403 0.675525 -1.95154 -103.467 0.675525 -1.73956 -103.403 0.675525 -1.73956 -103.467 0.675525 -1.33974 -103.403 0.108046 -1.33974 -103.467 0.108046 -1.25459 -103.403 0.108046 -1.25459 -103.467 0.108046 -1.25459 -103.403 0.751452 -1.25459 -103.467 0.751452 -1.33974 -103.403 0.751452 -1.33974 -103.467 0.751452 -1.13039 -103.403 0.42141 -1.13039 -103.467 0.42141 -1.12808 -103.403 0.379606 -1.12808 -103.467 0.379606 -1.12117 -103.403 0.3389 -1.12117 -103.467 0.3389 -1.10965 -103.403 0.29929 -1.10965 -103.467 0.29929 -1.09352 -103.403 0.260778 -1.09352 -103.467 0.260778 -1.06509 -103.403 0.21372 -1.06509 -103.467 0.21372 -1.02896 -103.403 0.173781 -1.02896 -103.467 0.173781 -0.985117 -103.403 0.140963 -0.985117 -103.467 0.140963 -0.948141 -103.403 0.121761 -0.948141 -103.467 0.121761 -0.908751 -103.403 0.108046 -0.908751 -103.467 0.108046 -0.866947 -103.403 0.099817 -0.866947 -103.467 0.099817 -0.82273 -103.403 0.097074 -0.82273 -103.467 0.097074 -0.768113 -103.403 0.101487 -0.768113 -103.467 0.101487 -0.716032 -103.403 0.114727 -0.716032 -103.467 0.114727 -0.666487 -103.403 0.136793 -0.666487 -103.467 0.136793 -0.621867 -103.403 0.167442 -0.621867 -103.467 0.167442 -0.584561 -103.403 0.20643 -0.584561 -103.467 0.20643 -0.554571 -103.403 0.253756 -0.554571 -103.467 0.253756 -0.53729 -103.403 0.293667 -0.53729 -103.467 0.293667 -0.524946 -103.403 0.336157 -0.524946 -103.467 0.336157 -0.51754 -103.403 0.381225 -0.51754 -103.467 0.381225 -0.515071 -103.403 0.428871 -0.515071 -103.467 0.428871 -0.517417 -103.403 0.475873 -0.517417 -103.467 0.475873 -0.524452 -103.403 0.520324 -0.524452 -103.467 0.520324 -0.536179 -103.403 0.562224 -0.536179 -103.467 0.562224 -0.552596 -103.403 0.601572 -0.552596 -103.467 0.601572 -0.581392 -103.403 0.648606 -0.581392 -103.467 0.648606 -0.617746 -103.403 0.688179 -0.617746 -103.467 0.688179 -0.661659 -103.403 0.720291 -0.661659 -103.467 0.720291 -0.698525 -103.403 0.738916 -0.698525 -103.467 0.738916 -0.737586 -103.403 0.75222 -0.737586 -103.467 0.75222 -0.778841 -103.403 0.760202 -0.778841 -103.467 0.760202 -0.822291 -103.403 0.762863 -0.822291 -103.467 0.762863 -0.887191 -103.403 0.757198 -0.887191 -103.467 0.757198 -0.945837 -103.403 0.740205 -0.945837 -103.467 0.740205 -0.998229 -103.403 0.711883 -0.998229 -103.467 0.711883 -1.04437 -103.403 0.672233 -1.04437 -103.467 0.672233 -1.07533 -103.403 0.633198 -1.07533 -103.467 0.633198 -1.09942 -103.403 0.588599 -1.09942 -103.467 0.588599 -1.11662 -103.403 0.538434 -1.11662 -103.467 0.538434 -1.12695 -103.403 0.482705 -1.12695 -103.467 0.482705 -1.04261 -103.403 0.420093 -1.04261 -103.467 0.420093 -1.03854 -103.403 0.487531 -1.03854 -103.467 0.487531 -1.02632 -103.403 0.544572 -1.02632 -103.467 0.544572 -1.00595 -103.403 0.591217 -1.00595 -103.467 0.591217 -0.977437 -103.403 0.627467 -0.977437 -103.467 0.627467 -0.943272 -103.403 0.654636 -0.943272 -103.467 0.654636 -0.905953 -103.403 0.674043 -0.905953 -103.467 0.674043 -0.86548 -103.403 0.685687 -0.86548 -103.467 0.685687 -0.821852 -103.403 0.689569 -0.821852 -103.467 0.689569 -0.780816 -103.403 0.685985 -0.780816 -103.467 0.685985 -0.74256 -103.403 0.675232 -0.74256 -103.467 0.675232 -0.707083 -103.403 0.657311 -0.707083 -103.467 0.657311 -0.675728 -103.403 0.63288 -0.675728 -103.467 0.63288 -0.649833 -103.403 0.602597 -0.649833 -103.467 0.602597 -0.629401 -103.403 0.566462 -0.629401 -103.467 0.566462 -0.614649 -103.403 0.525182 -0.614649 -103.467 0.525182 -0.605799 -103.403 0.479465 -0.605799 -103.467 0.479465 -0.602848 -103.403 0.42931 -0.602848 -103.467 0.42931 -0.60673 -103.403 0.370746 -0.60673 -103.467 0.370746 -0.618374 -103.403 0.31926 -0.618374 -103.467 0.31926 -0.637781 -103.403 0.27485 -0.637781 -103.467 0.27485 -0.66495 -103.403 0.237517 -0.66495 -103.467 0.237517 -0.698127 -103.403 0.207947 -0.698127 -103.467 0.207947 -0.735556 -103.403 0.186826 -0.735556 -103.467 0.186826 -0.777236 -103.403 0.174153 -0.777236 -103.467 0.174153 -0.823169 -103.403 0.169929 -0.823169 -103.467 0.169929 -0.86836 -103.403 0.174112 -0.86836 -103.467 0.174112 -0.909574 -103.403 0.186661 -0.909574 -103.467 0.186661 -0.946811 -103.403 0.207577 -0.946811 -103.467 0.207577 -0.98007 -103.403 0.236859 -0.98007 -103.467 0.236859 -1.00743 -103.403 0.27341 -1.00743 -103.467 0.27341 -1.02698 -103.403 0.316133 -1.02698 -103.467 0.316133 -1.0387 -103.403 0.365027 -1.0387 -103.467 0.365027 -0.406228 -103.403 0.108046 -0.406228 -103.467 0.108046 -0.324595 -103.403 0.108046 -0.324595 -103.467 0.108046 -0.324595 -103.403 0.613642 -0.324595 -103.467 0.613642 0.013346 -103.403 0.108046 0.013346 -103.467 0.108046 0.100684 -103.403 0.108046 0.100684 -103.467 0.108046 0.100684 -103.403 0.751452 0.100684 -103.467 0.751452 0.019051 -103.403 0.751452 0.019051 -103.467 0.751452 0.019051 -103.403 0.246295 0.019051 -103.467 0.246295 -0.31889 -103.403 0.751452 -0.31889 -103.467 0.751452 -0.406228 -103.403 0.751452 -0.406228 -103.467 0.751452</float_array>
          <technique_common>
            <accessor source="#Geometry2-position-array" count="768" stride="3">
              <param name="X" type="float"/>
              <param name="Y" type="float"/>
              <param name="Z" type="float"/>
            </accessor>
          </technique_common>
        </source>
        <source id="Geometry2-normal">
          <float_array id="Geometry2-normal-array" count="1080">0 0 -1 1 0 0 0 0 1 -1 0 0 0 1 0 0 -1 0 0 0 -1 1 0 0 -1 0 0 0 0 1 0 1 0 0 -1 0 0 0 -1 1 0 0 0 0 1 -1 0 0 0 1 0 0 -1 0 0 0 -1 1 0 0 -1 0 0 0 0 1 0 1 0 0 -1 0 -0.955921 0 0.293625 -0.876812 0 0.480833 -0.734588 0 0.678513 -0.54239 0 0.840127 -0.322395 0 0.946605 -0.100777 0 0.994909 0.08756 0 0.996159 0.267045 0 0.963684 0.437549 0 0.899195 0.609923 0 0.79246 0.775943 0 0.630803 0.892439 0 0.451168 0.955674 0 0.294428 0.986353 0 0.164644 0.998716 0 0.050656 0.998578 0 -0.053319 0.98691 0 -0.161271 0.963476 0 -0.267794 0.911955 0 -0.41029 0.806405 0 -0.591364 0.661743 0 -0.749731 0.48185 0 -0.876254 0.27562 0 -0.961267 0.084207 0 -0.996448 -0.087405 0 -0.996173 -0.286627 0 -0.958042 -0.500117 0 -0.865958 -0.699739 0 -0.714398 -0.844109 0 -0.536172 -0.927447 0 -0.373954 0.229323 0 -0.97335 0.938698 0 0.344741 0.875682 0 0.482889 0.783543 0 0.621338 0.664824 0 0.747 0.525292 0 0.850922 0.369116 0 0.929383 0.211854 0 0.977301 0.066127 0 0.997811 -0.077976 0 0.996955 -0.241572 0 0.970383 -0.404146 0 0.914695 -0.56508 0 0.825036 -0.720887 0 0.693053 -0.843588 0 0.536991 -0.918476 0 0.395477 -0.961912 0 0.273359 -0.987676 0 0.156514 -0.998785 0 0.049277 -0.998903 0 -0.046833 -0.989594 0 -0.14389 -0.969958 0 -0.243274 -0.939729 0 -0.34192 -0.883607 0 -0.468229 -0.777601 0 -0.628758 -0.630165 0 -0.776461 -0.467729 0 -0.883872 -0.315052 0 -0.949074 -0.174819 0 -0.984601 -0.053312 0 -0.998578 0.071066 0 -0.997472 0.226308 0 -0.974056 0.390462 0 -0.920619 0.548704 0 -0.836017 0.690542 0 -0.723292 0.809399 0 -0.587258 0.895621 0 -0.444818 0.95088 0 -0.309559 0.244887 0 0.969552 0 1 0 0 -1 0 -0.998484 0 -0.055034 -0.985887 0 -0.167415 -0.960208 0 -0.279285 -0.922376 0 -0.386294 -0.855924 0 -0.517102 -0.741536 0 -0.670913 -0.599287 0 -0.800534 -0.460855 0 -0.887475 -0.328827 0 -0.94439 -0.193144 0 -0.98117 -0.061915 0 -0.998081 0.080541 0 -0.996751 0.246377 0 -0.969174 0.406847 0 -0.913496 0.566185 0 -0.824278 0.722524 0 -0.691346 0.844681 0 -0.535269 0.917671 0 -0.397341 0.960298 0 -0.278976 0.986765 0 -0.162159 0.99866 0 -0.051744 0.998757 0 0.049836 0.987704 0 0.156338 0.962997 0 0.269513 0.922896 0 0.385049 0.852855 0 0.522147 0.736419 0 0.676526 0.590275 0 0.807202 0.450928 0 0.89256 0.322403 0 0.946603 0.189961 0 0.981792 0.061123 0 0.99813 -0.086948 0 0.996213 -0.278309 0 0.960492 -0.475541 0 0.879694 -0.651775 0 0.758413 -0.783406 0 0.62151 -0.879887 0 0.475184 -0.945917 0 0.324409 -0.983275 0 0.182128 -0.998428 0 0.056048 0.998181 0 -0.060292 0.977813 0 -0.209481 0.916448 0 -0.400154 0.785978 0 -0.618255 0.622432 0 -0.782674 0.461373 0 -0.887206 0.276484 0 -0.961019 0.088616 0 -0.996066 -0.087013 0 -0.996207 -0.270585 0 -0.962696 -0.450889 0 -0.89258 -0.61462 0 -0.788823 -0.760034 0 -0.649884 -0.870475 0 -0.492212 -0.941679 0 -0.336512 -0.98177 0 -0.190071 -0.998274 0 -0.058722 -0.997811 0 0.066131 -0.975367 0 0.220588 -0.916326 0 0.400433 -0.808543 0 0.588437 -0.665359 0 0.746523 -0.491458 0 0.870901 -0.290898 0 0.956754 -0.091581 0 0.995798 0.09217 0 0.995743 0.291288 0 0.956635 0.489728 0 0.871876 0.660802 0 0.75056 0.80054 0 0.599279 0.909364 0 0.416001 0.972424 0 0.233218 0.99749 0 0.070805 0 1 0 0 -1 0 0 0 -1 1 0 0 -0.831384 0 -0.555699 0 0 1 -1 0 0 0.83116 0 0.556033 0 1 0 0 -1 0 0 0 -1 1 0 0 -0.831384 0 -0.555699 0 0 1 -1 0 0 0.83116 0 0.556033 0 1 0 0 -1 0 0 0 -1 1 0 0 0 0 1 -1 0 0 0 1 0 0 -1 0 -0.955921 0 0.293625 -0.876812 0 0.480833 -0.734588 0 0.678513 -0.54239 0 0.840127 -0.322395 0 0.946605 -0.100777 0 0.994909 0.08756 0 0.996159 0.267045 0 0.963684 0.437549 0 0.899195 0.609923 0 0.79246 0.775943 0 0.630803 0.892439 0 0.451168 0.955674 0 0.294428 0.986353 0 0.164644 0.998716 0 0.050656 0.998578 0 -0.053319 0.98691 0 -0.161271 0.963476 0 -0.267794 0.911955 0 -0.41029 0.806405 0 -0.591364 0.661743 0 -0.749731 0.48185 0 -0.876254 0.27562 0 -0.961267 0.084207 0 -0.996448 -0.087405 0 -0.996173 -0.286627 0 -0.958042 -0.500117 0 -0.865958 -0.699739 0 -0.714398 -0.844109 0 -0.536172 -0.927447 0 -0.373954 0.229323 0 -0.97335 0.938698 0 0.344741 0.875682 0 0.482889 0.783543 0 0.621338 0.664824 0 0.747 0.525292 0 0.850922 0.369116 0 0.929383 0.211854 0 0.977301 0.066127 0 0.997811 -0.077976 0 0.996955 -0.241572 0 0.970383 -0.404146 0 0.914695 -0.56508 0 0.825036 -0.720887 0 0.693053 -0.843588 0 0.536991 -0.918476 0 0.395477 -0.961912 0 0.273359 -0.987676 0 0.156514 -0.998785 0 0.049277 -0.998903 0 -0.046833 -0.989594 0 -0.14389 -0.969958 0 -0.243274 -0.939729 0 -0.34192 -0.883607 0 -0.468229 -0.777601 0 -0.628758 -0.630165 0 -0.776461 -0.467729 0 -0.883872 -0.315052 0 -0.949074 -0.174819 0 -0.984601 -0.053312 0 -0.998578 0.071066 0 -0.997472 0.226308 0 -0.974056 0.390462 0 -0.920619 0.548704 0 -0.836017 0.690542 0 -0.723292 0.809399 0 -0.587258 0.895621 0 -0.444818 0.95088 0 -0.309559 0.244887 0 0.969552 0 1 0 0 -1 0 0 0 -1 1 0 0 0 0 1 -1 0 0 0 1 0 0 -1 0 0 0 -1 1 0 0 0 0 1 -1 0 0 0 1 0 0 -1 0 -0.998484 0 -0.055034 -0.985887 0 -0.167415 -0.960208 0 -0.279285 -0.922376 0 -0.386294 -0.855924 0 -0.517102 -0.741536 0 -0.670913 -0.599287 0 -0.800534 -0.460855 0 -0.887475 -0.328827 0 -0.94439 -0.193144 0 -0.98117 -0.061915 0 -0.998081 0.080541 0 -0.996751 0.246377 0 -0.969174 0.406847 0 -0.913496 0.566185 0 -0.824278 0.722524 0 -0.691346 0.844681 0 -0.535269 0.917671 0 -0.397341 0.960298 0 -0.278976 0.986765 0 -0.162159 0.99866 0 -0.051744 0.998757 0 0.049836 0.987704 0 0.156338 0.962997 0 0.269513 0.922896 0 0.385049 0.852855 0 0.522147 0.736419 0 0.676526 0.590275 0 0.807202 0.450928 0 0.89256 0.322403 0 0.946603 0.189961 0 0.981792 0.061123 0 0.99813 -0.086948 0 0.996213 -0.278309 0 0.960492 -0.475541 0 0.879694 -0.651775 0 0.758413 -0.783406 0 0.62151 -0.879887 0 0.475184 -0.945917 0 0.324409 -0.983275 0 0.182128 -0.998428 0 0.056048 0.998181 0 -0.060292 0.977813 0 -0.209481 0.916448 0 -0.400154 0.785978 0 -0.618255 0.622432 0 -0.782674 0.461373 0 -0.887206 0.276484 0 -0.961019 0.088616 0 -0.996066 -0.087013 0 -0.996207 -0.270585 0 -0.962696 -0.450889 0 -0.89258 -0.61462 0 -0.788823 -0.760034 0 -0.649884 -0.870475 0 -0.492212 -0.941679 0 -0.336512 -0.98177 0 -0.190071 -0.998274 0 -0.058722 -0.997811 0 0.066131 -0.975367 0 0.220588 -0.916326 0 0.400433 -0.808543 0 0.588437 -0.665359 0 0.746523 -0.491458 0 0.870901 -0.290898 0 0.956754 -0.091581 0 0.995798 0.09217 0 0.995743 0.291288 0 0.956635 0.489728 0 0.871876 0.660802 0 0.75056 0.80054 0 0.599279 0.909364 0 0.416001 0.972424 0 0.233218 0.99749 0 0.070805 0 1 0 0 -1 0 0 0 -1 1 0 0 -0.831384 0 -0.555699 0 0 1 -1 0 0 0.83116 0 0.556033 0 1 0 0 -1 0</float_array>
          <technique_common>
            <accessor source="#Geometry2-normal-array" count="360" stride="3">
              <param name="X" type="float"/>
              <param name="Y" type="float"/>
              <param name="Z" type="float"/>
            </accessor>
          </technique_common>
        </source>
        <source id="Geometry2-texcoord">
          <float_array id="Geometry2-texcoord-array" count="4608">-86.1696 7.56696 -86.1696 7.49601 -86.2226 7.49601 -86.2226 7.56696 -86.1696 0.090038 -86.1696 0.562937 -86.2226 0.562937 -86.2226 0.090038 -86.1696 7.49601 -86.1696 7.31862 -86.2226 7.31862 -86.2226 7.49601 -86.1696 0.562937 -86.1696 0.62621 -86.2226 0.62621 -86.2226 0.562937 -86.1696 7.31862 -86.1696 7.74361 -86.2226 7.74361 -86.2226 7.31862 -86.1696 0.62621 -86.1696 0.562937 -86.2226 0.562937 -86.2226 0.62621 -86.1696 7.74361 -86.1696 7.56696 -86.2226 7.56696 -86.2226 7.74361 -86.1696 0.562937 -86.1696 0.090038 -86.2226 0.090038 -86.2226 0.562937 -0.090038 7.56696 -0.562937 7.56696 -0.562937 7.74361 -0.62621 7.74361 -0.62621 7.31862 -0.562937 7.31862 -0.562937 7.49601 -0.090038 7.49601 -0.090038 7.56696 -0.090038 7.49601 -0.562937 7.49601 -0.562937 7.31862 -0.62621 7.31862 -0.62621 7.74361 -0.562937 7.74361 -0.562937 7.56696 -86.1696 7.24365 -86.1696 7.17269 -86.2226 7.17269 -86.2226 7.24365 -86.1696 0.090038 -86.1696 0.342763 -86.2226 0.342763 -86.2226 0.090038 -86.1696 7.17269 -86.1696 6.894 -86.2226 6.894 -86.2226 7.17269 -86.1696 0.342763 -86.1696 0.090038 -86.2226 0.090038 -86.2226 0.342763 -86.1696 6.894 -86.1696 6.82305 -86.2226 6.82305 -86.2226 6.894 -86.1696 0.090038 -86.1696 0.62621 -86.2226 0.62621 -86.2226 0.090038 -86.1696 6.82305 -86.1696 6.894 -86.2226 6.894 -86.2226 6.82305 -86.1696 0.62621 -86.1696 0.406036 -86.2226 0.406036 -86.2226 0.62621 -86.1696 6.894 -86.1696 7.17269 -86.2226 7.17269 -86.2226 6.894 -86.1696 0.406036 -86.1696 0.62621 -86.2226 0.62621 -86.2226 0.406036 -86.1696 7.17269 -86.1696 7.24365 -86.2226 7.24365 -86.2226 7.17269 -86.1696 0.62621 -86.1696 0.090038 -86.2226 0.090038 -86.2226 0.62621 -0.090038 7.24365 -0.62621 7.24365 -0.62621 7.17269 -0.406036 7.17269 -0.406036 6.894 -0.62621 6.894 -0.62621 6.82305 -0.090038 6.82305 -0.090038 6.894 -0.342763 6.894 -0.342763 7.17269 -0.090038 7.17269 -0.090038 7.24365 -0.090038 7.17269 -0.342763 7.17269 -0.342763 6.894 -0.090038 6.894 -0.090038 6.82305 -0.62621 6.82305 -0.62621 6.894 -0.406036 6.894 -0.406036 7.17269 -0.62621 7.17269 -0.62621 7.24365 -86.1696 -6.70345 -86.1696 -6.30334 -86.2226 -6.30334 -86.2226 -6.70345 -86.1696 0.090038 -86.1696 0.153311 -86.2226 0.153311 -86.2226 0.090038 -86.1696 -6.30334 -86.1696 -6.6325 -86.2226 -6.6325 -86.2226 -6.30334 -86.1696 0.153311 -86.1696 0.335814 -86.2226 0.335814 -86.2226 0.153311 -86.1696 -6.6325 -86.1696 -6.33589 -86.2226 -6.33589 -86.2226 -6.6325 -86.1696 0.335814 -86.1696 0.398721 -86.2226 0.398721 -86.2226 0.335814 -86.1696 -6.33589 -86.1696 -6.6325 -86.2226 -6.6325 -86.2226 -6.33589 -86.1696 0.398721 -86.1696 0.562937 -86.2226 0.562937 -86.2226 0.398721 -86.1696 -6.6325 -86.1696 -6.31577 -86.2226 -6.31577 -86.2226 -6.6325 -86.1696 0.562937 -86.1696 0.62621 -86.2226 0.62621 -86.2226 0.562937 -86.1696 -6.31577 -86.1696 -6.70345 -86.2226 -6.70345 -86.2226 -6.31577 -86.1696 0.62621 -86.1696 0.090038 -86.2226 0.090038 -86.2226 0.62621 -0.090038 -6.70345 -0.62621 -6.70345 -0.62621 -6.31577 -0.562937 -6.31577 -0.562937 -6.6325 -0.398721 -6.6325 -0.398721 -6.33589 -0.335814 -6.33589 -0.335814 -6.6325 -0.153311 -6.6325 -0.153311 -6.30334 -0.090038 -6.30334 -0.090038 -6.70345 -0.090038 -6.30334 -0.153311 -6.30334 -0.153311 -6.6325 -0.335814 -6.6325 -0.335814 -6.33589 -0.398721 -6.33589 -0.398721 -6.6325 -0.562937 -6.6325 -0.562937 -6.31577 -0.62621 -6.31577 -0.62621 -6.70345 -86.1696 5.78691 -86.1696 5.71596 -86.2226 5.71596 -86.2226 5.78691 -86.1696 0.090038 -86.1696 0.342763 -86.2226 0.342763 -86.2226 0.090038 -86.1696 5.71596 -86.1696 5.43727 -86.2226 5.43727 -86.2226 5.71596 -86.1696 0.342763 -86.1696 0.090038 -86.2226 0.090038 -86.2226 0.342763 -86.1696 5.43727 -86.1696 5.36632 -86.2226 5.36632 -86.2226 5.43727 -86.1696 0.090038 -86.1696 0.62621 -86.2226 0.62621 -86.2226 0.090038 -86.1696 5.36632 -86.1696 5.43727 -86.2226 5.43727 -86.2226 5.36632 -86.1696 0.62621 -86.1696 0.406036 -86.2226 0.406036 -86.2226 0.62621 -86.1696 5.43727 -86.1696 5.71596 -86.2226 5.71596 -86.2226 5.43727 -86.1696 0.406036 -86.1696 0.62621 -86.2226 0.62621 -86.2226 0.406036 -86.1696 5.71596 -86.1696 5.78691 -86.2226 5.78691 -86.2226 5.71596 -86.1696 0.62621 -86.1696 0.090038 -86.2226 0.090038 -86.2226 0.62621 -0.090038 5.78691 -0.62621 5.78691 -0.62621 5.71596 -0.406036 5.71596 -0.406036 5.43727 -0.62621 5.43727 -0.62621 5.36632 -0.090038 5.36632 -0.090038 5.43727 -0.342763 5.43727 -0.342763 5.71596 -0.090038 5.71596 -0.090038 5.78691 -0.090038 5.71596 -0.342763 5.71596 -0.342763 5.43727 -0.090038 5.43727 -0.090038 5.36632 -0.62621 5.36632 -0.62621 5.43727 -0.406036 5.43727 -0.406036 5.71596 -0.62621 5.71596 -0.62621 5.78691 -86.1696 -0.820041 -86.1696 -0.863304 -86.2226 -0.863304 -86.2226 -0.820041 -86.1696 -0.863304 -86.1696 -0.90085 -86.2226 -0.90085 -86.2226 -0.863304 -86.1696 -0.90085 -86.1696 -0.932678 -86.2226 -0.932678 -86.2226 -0.90085 -86.1696 -0.932678 -86.1696 -0.958441 -86.2226 -0.958441 -86.2226 -0.932678 -86.1696 4.43529 -86.1696 4.46511 -86.2226 4.46511 -86.2226 4.43529 -86.1696 4.46511 -86.1696 4.50074 -86.2226 4.50074 -86.2226 4.46511 -86.1696 4.50074 -86.1696 4.53235 -86.2226 4.53235 -86.2226 4.50074 -86.1696 4.53235 -86.1696 4.56385 -86.2226 4.56385 -86.2226 4.53235 -86.1696 4.56385 -86.1696 4.59521 -86.2226 4.59521 -86.2226 4.56385 -86.1696 4.59521 -86.1696 4.62484 -86.2226 4.62484 -86.2226 4.59521 -86.1696 4.62484 -86.1696 4.6511 -86.2226 4.6511 -86.2226 4.62484 -86.1696 -0.956155 -86.1696 -0.929811 -86.2226 -0.929811 -86.2226 -0.956155 -86.1696 -0.929811 -86.1696 -0.897673 -86.2226 -0.897673 -86.2226 -0.929811 -86.1696 -0.897673 -86.1696 -0.860708 -86.2226 -0.860708 -86.2226 -0.897673 -86.1696 -0.860708 -86.1696 -0.818915 -86.2226 -0.818915 -86.2226 -0.860708 -86.1696 -0.818915 -86.1696 -0.784514 -86.2226 -0.784514 -86.2226 -0.818915 -86.1696 -0.784514 -86.1696 -0.749867 -86.2226 -0.749867 -86.2226 -0.784514 -86.1696 -0.749867 -86.1696 -0.714974 -86.2226 -0.714974 -86.2226 -0.749867 -86.1696 -0.714974 -86.1696 -0.681474 -86.2226 -0.681474 -86.2226 -0.714974 -86.1696 -0.681474 -86.1696 -0.651004 -86.2226 -0.651004 -86.2226 -0.681474 -86.1696 -0.651004 -86.1696 -0.623563 -86.2226 -0.623563 -86.2226 -0.651004 -86.1696 4.69438 -86.1696 4.66939 -86.2226 4.66939 -86.2226 4.69438 -86.1696 4.66939 -86.1696 4.63842 -86.2226 4.63842 -86.2226 4.66939 -86.1696 4.63842 -86.1696 4.60146 -86.2226 4.60146 -86.2226 4.63842 -86.1696 4.60146 -86.1696 4.56796 -86.2226 4.56796 -86.2226 4.60146 -86.1696 4.56796 -86.1696 4.53693 -86.2226 4.53693 -86.2226 4.56796 -86.1696 4.53693 -86.1696 4.5084 -86.2226 4.5084 -86.2226 4.53693 -86.1696 4.5084 -86.1696 4.48206 -86.2226 4.48206 -86.2226 4.5084 -86.1696 4.48206 -86.1696 4.45761 -86.2226 4.45761 -86.2226 4.48206 -86.1696 -0.612044 -86.1696 -0.642937 -86.2226 -0.642937 -86.2226 -0.612044 -86.1696 4.43505 -86.1696 4.37135 -86.2226 4.37135 -86.2226 4.43505 -86.1696 -0.609874 -86.1696 -0.57905 -86.2226 -0.57905 -86.2226 -0.609874 -86.1696 -0.57905 -86.1696 -0.553279 -86.2226 -0.553279 -86.2226 -0.57905 -86.1696 4.41649 -86.1696 4.44357 -86.2226 4.44357 -86.2226 4.41649 -86.1696 4.44357 -86.1696 4.47368 -86.2226 4.47368 -86.2226 4.44357 -86.1696 4.47368 -86.1696 4.50621 -86.2226 4.50621 -86.2226 4.47368 -86.1696 4.50621 -86.1696 4.5406 -86.2226 4.5406 -86.2226 4.50621 -86.1696 4.5406 -86.1696 4.57683 -86.2226 4.57683 -86.2226 4.5406 -86.1696 4.57683 -86.1696 4.61491 -86.2226 4.61491 -86.2226 4.57683 -86.1696 4.61491 -86.1696 4.65861 -86.2226 4.65861 -86.2226 4.61491 -86.1696 4.65861 -86.1696 4.69799 -86.2226 4.69799 -86.2226 4.65861 -86.1696 4.69799 -86.1696 4.73305 -86.2226 4.73305 -86.2226 4.69799 -86.1696 -0.573539 -86.1696 -0.606598 -86.2226 -0.606598 -86.2226 -0.573539 -86.1696 -0.606598 -86.1696 -0.644646 -86.2226 -0.644646 -86.2226 -0.606598 -86.1696 -0.644646 -86.1696 -0.687682 -86.2226 -0.687682 -86.2226 -0.644646 -86.1696 -0.687682 -86.1696 -0.722637 -86.2226 -0.722637 -86.2226 -0.687682 -86.1696 -0.722637 -86.1696 -0.759205 -86.2226 -0.759205 -86.2226 -0.722637 -86.1696 -0.759205 -86.1696 -0.797387 -86.2226 -0.797387 -86.2226 -0.759205 -86.1696 -0.797387 -86.1696 -0.837182 -86.2226 -0.837182 -86.2226 -0.797387 -86.1696 -0.837182 -86.1696 -0.873383 -86.2226 -0.873383 -86.2226 -0.837182 -86.1696 -0.873383 -86.1696 -0.90752 -86.2226 -0.90752 -86.2226 -0.873383 -86.1696 -0.90752 -86.1696 -0.939592 -86.2226 -0.939592 -86.2226 -0.90752 -86.1696 -0.939592 -86.1696 -0.969599 -86.2226 -0.969599 -86.2226 -0.939592 -86.1696 -0.969599 -86.1696 -1.00412 -86.2226 -1.00412 -86.2226 -0.969599 -86.1696 4.69953 -86.1696 4.66447 -86.2226 4.66447 -86.2226 4.69953 -86.1696 4.66447 -86.1696 4.62554 -86.2226 4.62554 -86.2226 4.66447 -86.1696 4.62554 -86.1696 4.59347 -86.2226 4.59347 -86.2226 4.62554 -86.1696 4.59347 -86.1696 4.55855 -86.2226 4.55855 -86.2226 4.59347 -86.1696 4.55855 -86.1696 4.5208 -86.2226 4.5208 -86.2226 4.55855 -86.1696 4.5208 -86.1696 4.4802 -86.2226 4.4802 -86.2226 4.5208 -86.1696 4.4802 -86.1696 4.44186 -86.2226 4.44186 -86.2226 4.4802 -86.1696 4.44186 -86.1696 4.40805 -86.2226 4.40805 -86.2226 4.44186 -86.1696 4.40805 -86.1696 4.37878 -86.2226 4.37878 -86.2226 4.40805 -86.1696 -0.995915 -86.1696 -0.968952 -86.2226 -0.968952 -86.2226 -0.995915 -86.1696 -0.968952 -86.1696 -0.937633 -86.2226 -0.937633 -86.2226 -0.968952 -86.1696 -0.937633 -86.1696 -0.902375 -86.2226 -0.902375 -86.2226 -0.937633 -86.1696 -0.902375 -86.1696 -0.863178 -86.2226 -0.863178 -86.2226 -0.902375 -86.1696 -0.863178 -86.1696 -0.820041 -86.2226 -0.820041 -86.2226 -0.863178 -86.1696 4.30884 -86.1696 4.38202 -86.2226 4.38202 -86.2226 4.30884 0.820041 4.38202 0.820041 4.30884 0.863178 4.31175 0.902375 4.32025 0.937633 4.33434 0.968952 4.35403 0.995915 4.37878 1.0181 4.40805 1.03552 4.44186 1.04816 4.4802 1.05614 4.5208 1.05885 4.55855 1.05629 4.59347 1.04847 4.62554 1.03041 4.66447 1.00412 4.69953 0.969599 4.73071 0.939592 4.75108 0.90752 4.76832 0.873383 4.78242 0.837182 4.79339 0.797387 4.80138 0.759205 4.80483 0.722637 4.80376 0.687682 4.79814 0.644646 4.78391 0.606598 4.76221 0.573539 4.73305 0.546138 4.69799 0.525064 4.65861 0.510316 4.61491 0.503338 4.57683 0.502109 4.5406 0.506627 4.50621 0.516893 4.47368 0.53256 4.44357 0.553279 4.41649 0.57905 4.39241 0.609874 4.37135 0.642937 4.43505 0.612044 4.45761 0.588922 4.48206 0.573571 4.5084 0.565479 4.53693 0.564135 4.56796 0.569539 4.60146 0.582269 4.63842 0.600277 4.66939 0.623563 4.69438 0.651004 4.71317 0.681474 4.72553 0.714974 4.73146 0.749867 4.73229 0.784514 4.72932 0.818915 4.72256 0.860708 4.70972 0.897673 4.69353 0.929811 4.67399 0.956155 4.6511 0.975739 4.62484 0.988564 4.59521 0.995101 4.56385 0.995823 4.53235 0.99073 4.50074 0.977791 4.46511 0.958441 4.43529 0.932678 4.41129 0.90085 4.39397 0.863304 4.38421 0.820041 4.38202 0.863304 4.38421 0.90085 4.39397 0.932678 4.41129 0.958441 4.43529 0.977791 4.46511 0.99073 4.50074 0.995823 4.53235 0.995101 4.56385 0.988564 4.59521 0.975739 4.62484 0.956155 4.6511 0.929811 4.67399 0.897673 4.69353 0.860708 4.70972 0.818915 4.72256 0.784514 4.72932 0.749867 4.73229 0.714974 4.73146 0.681474 4.72553 0.651004 4.71317 0.623563 4.69438 0.600277 4.66939 0.582269 4.63842 0.569539 4.60146 0.564135 4.56796 0.565479 4.53693 0.573571 4.5084 0.588922 4.48206 0.612044 4.45761 0.642937 4.43505 0.609874 4.37135 0.57905 4.39241 0.553279 4.41649 0.53256 4.44357 0.516893 4.47368 0.506627 4.50621 0.502109 4.5406 0.503338 4.57683 0.510316 4.61491 0.525064 4.65861 0.546138 4.69799 0.573539 4.73305 0.606598 4.76221 0.644646 4.78391 0.687682 4.79814 0.722637 4.80376 0.759205 4.80483 0.797387 4.80138 0.837182 4.79339 0.873383 4.78242 0.90752 4.76832 0.939592 4.75108 0.969599 4.73071 1.00412 4.69953 1.03041 4.66447 1.04847 4.62554 1.05629 4.59347 1.05885 4.55855 1.05614 4.5208 1.04816 4.4802 1.03552 4.44186 1.0181 4.40805 0.995915 4.37878 0.968952 4.35403 0.937633 4.33434 0.902375 4.32025 0.863178 4.31175 0.820041 4.30884 -86.1696 0.72482 -86.1696 0.689948 -86.2226 0.689948 -86.2226 0.72482 -86.1696 0.689948 -86.1696 0.655654 -86.2226 0.655654 -86.2226 0.689948 -86.1696 0.655654 -86.1696 0.621936 -86.2226 0.621936 -86.2226 0.655654 -86.1696 0.621936 -86.1696 0.588795 -86.2226 0.588795 -86.2226 0.621936 -86.1696 0.588795 -86.1696 0.547669 -86.2226 0.547669 -86.2226 0.588795 -86.1696 0.547669 -86.1696 0.511895 -86.2226 0.511895 -86.2226 0.547669 -86.1696 4.1995 -86.1696 4.16548 -86.2226 4.16548 -86.2226 4.1995 -86.1696 4.16548 -86.1696 4.13617 -86.2226 4.13617 -86.2226 4.16548 -86.1696 4.13617 -86.1696 4.10447 -86.2226 4.10447 -86.2226 4.13617 -86.1696 4.10447 -86.1696 4.07036 -86.2226 4.07036 -86.2226 4.10447 -86.1696 4.07036 -86.1696 4.03385 -86.2226 4.03385 -86.2226 4.07036 -86.1696 4.03385 -86.1696 3.98819 -86.2226 3.98819 -86.2226 4.03385 -86.1696 3.98819 -86.1696 3.94399 -86.2226 3.94399 -86.2226 3.98819 -86.1696 3.94399 -86.1696 3.90126 -86.2226 3.90126 -86.2226 3.94399 -86.1696 3.90126 -86.1696 3.862 -86.2226 3.862 -86.2226 3.90126 -86.1696 3.862 -86.1696 3.8282 -86.2226 3.8282 -86.2226 3.862 -86.1696 0.506799 -86.1696 0.543915 -86.2226 0.543915 -86.2226 0.506799 -86.1696 0.543915 -86.1696 0.575796 -86.2226 0.575796 -86.2226 0.543915 -86.1696 0.575796 -86.1696 0.610176 -86.2226 0.610176 -86.2226 0.575796 -86.1696 0.610176 -86.1696 0.647054 -86.2226 0.647054 -86.2226 0.610176 -86.1696 0.647054 -86.1696 0.68643 -86.2226 0.68643 -86.2226 0.647054 -86.1696 0.68643 -86.1696 0.72562 -86.2226 0.72562 -86.2226 0.68643 -86.1696 0.72562 -86.1696 0.763031 -86.2226 0.763031 -86.2226 0.72562 -86.1696 0.763031 -86.1696 0.798665 -86.2226 0.798665 -86.2226 0.763031 -86.1696 0.798665 -86.1696 0.832521 -86.2226 0.832521 -86.2226 0.798665 -86.1696 0.832521 -86.1696 0.873654 -86.2226 0.873654 -86.2226 0.832521 -86.1696 0.873654 -86.1696 0.909141 -86.2226 0.909141 -86.2226 0.873654 -86.1696 3.82085 -86.1696 3.85498 -86.2226 3.85498 -86.2226 3.82085 -86.1696 3.85498 -86.1696 3.88423 -86.2226 3.88423 -86.2226 3.85498 -86.1696 3.88423 -86.1696 3.9157 -86.2226 3.9157 -86.2226 3.88423 -86.1696 3.9157 -86.1696 3.94937 -86.2226 3.94937 -86.2226 3.9157 -86.1696 3.94937 -86.1696 3.98524 -86.2226 3.98524 -86.2226 3.94937 -86.1696 3.98524 -86.1696 4.03953 -86.2226 4.03953 -86.2226 3.98524 -86.1696 4.03953 -86.1696 4.08945 -86.2226 4.08945 -86.2226 4.03953 -86.1696 4.08945 -86.1696 4.135 -86.2226 4.135 -86.2226 4.08945 -86.1696 4.135 -86.1696 4.17617 -86.2226 4.17617 -86.2226 4.135 -86.1696 0.926814 -86.1696 0.896653 -86.2226 0.896653 -86.2226 0.926814 -86.1696 0.896653 -86.1696 0.861372 -86.2226 0.861372 -86.2226 0.896653 -86.1696 0.861372 -86.1696 0.820973 -86.2226 0.820973 -86.2226 0.861372 -86.1696 0.820973 -86.1696 0.775456 -86.2226 0.775456 -86.2226 0.820973 -86.1696 0.775456 -86.1696 0.72482 -86.2226 0.72482 -86.2226 0.775456 -86.1696 0.717367 -86.1696 0.773056 -86.2226 0.773056 -86.2226 0.717367 -86.1696 0.773056 -86.1696 0.819525 -86.2226 0.819525 -86.2226 0.773056 -86.1696 0.819525 -86.1696 0.856773 -86.2226 0.856773 -86.2226 0.819525 -86.1696 0.856773 -86.1696 0.884801 -86.2226 0.884801 -86.2226 0.856773 -86.1696 4.12385 -86.1696 4.09352 -86.2226 4.09352 -86.2226 4.12385 -86.1696 4.09352 -86.1696 4.06113 -86.2226 4.06113 -86.2226 4.09352 -86.1696 4.06113 -86.1696 4.02669 -86.2226 4.02669 -86.2226 4.06113 -86.1696 4.02669 -86.1696 3.99019 -86.2226 3.99019 -86.2226 4.02669 -86.1696 3.99019 -86.1696 3.95638 -86.2226 3.95638 -86.2226 3.99019 -86.1696 3.95638 -86.1696 3.9254 -86.2226 3.9254 -86.2226 3.95638 -86.1696 3.9254 -86.1696 3.89725 -86.2226 3.89725 -86.2226 3.9254 -86.1696 3.89725 -86.1696 3.87299 -86.2226 3.87299 -86.2226 3.89725 -86.1696 0.867434 -86.1696 0.840417 -86.2226 0.840417 -86.2226 0.867434 -86.1696 0.840417 -86.1696 0.808938 -86.2226 0.808938 -86.2226 0.840417 -86.1696 0.808938 -86.1696 0.7736 -86.2226 0.7736 -86.2226 0.808938 -86.1696 0.7736 -86.1696 0.735005 -86.2226 0.735005 -86.2226 0.7736 -86.1696 0.735005 -86.1696 0.693154 -86.2226 0.693154 -86.2226 0.735005 -86.1696 0.693154 -86.1696 0.644817 -86.2226 0.644817 -86.2226 0.693154 -86.1696 0.644817 -86.1696 0.602918 -86.2226 0.602918 -86.2226 0.644817 -86.1696 0.602918 -86.1696 0.567456 -86.2226 0.567456 -86.2226 0.602918 -86.1696 0.567456 -86.1696 0.538432 -86.2226 0.538432 -86.2226 0.567456 -86.1696 3.89269 -86.1696 3.92237 -86.2226 3.92237 -86.2226 3.89269 -86.1696 3.92237 -86.1696 3.95498 -86.2226 3.95498 -86.2226 3.92237 -86.1696 3.95498 -86.1696 3.9905 -86.2226 3.9905 -86.2226 3.95498 -86.1696 3.9905 -86.1696 4.02893 -86.2226 4.02893 -86.2226 3.9905 -86.1696 4.02893 -86.1696 4.06615 -86.2226 4.06615 -86.2226 4.02893 -86.1696 4.06615 -86.1696 4.09945 -86.2226 4.09945 -86.2226 4.06615 -86.1696 4.09945 -86.1696 4.12885 -86.2226 4.12885 -86.2226 4.09945 -86.1696 0.533999 -86.1696 0.560718 -86.2226 0.560718 -86.2226 0.533999 -86.1696 0.560718 -86.1696 0.593044 -86.2226 0.593044 -86.2226 0.560718 -86.1696 0.593044 -86.1696 0.629928 -86.2226 0.629928 -86.2226 0.593044 -86.1696 0.629928 -86.1696 0.671368 -86.2226 0.671368 -86.2226 0.629928 -86.1696 0.671368 -86.1696 0.717367 -86.2226 0.717367 -86.2226 0.671368 -0.72482 4.26576 -0.775456 4.25846 -0.820973 4.24585 -0.861372 4.22794 -0.896653 4.20471 -0.926814 4.17617 -0.956388 4.135 -0.976104 4.08945 -0.985962 4.03953 -0.985962 3.98524 -0.980605 3.94937 -0.970989 3.9157 -0.957114 3.88423 -0.938981 3.85498 -0.909141 3.82085 -0.873654 3.79353 -0.832521 3.77304 -0.798665 3.76226 -0.763031 3.75556 -0.72562 3.75294 -0.68643 3.7544 -0.647054 3.7599 -0.610176 3.76931 -0.575796 3.78264 -0.543915 3.79988 -0.506799 3.8282 -0.477135 3.862 -0.454924 3.90126 -0.440195 3.94399 -0.432978 3.98819 -0.433271 4.03385 -0.438752 4.07036 -0.448613 4.10447 -0.462853 4.13617 -0.481473 4.16548 -0.511895 4.1995 -0.547669 4.2266 -0.588795 4.24679 -0.621936 4.25739 -0.655654 4.26409 -0.689948 4.26688 -0.717367 4.19299 -0.671368 4.19373 -0.629928 4.18754 -0.593044 4.17441 -0.560718 4.15434 -0.533999 4.12885 -0.513937 4.09945 -0.500533 4.06615 -0.493786 4.02893 -0.493964 3.9905 -0.501465 3.95498 -0.516288 3.92237 -0.538432 3.89269 -0.567456 3.86743 -0.602918 3.8481 -0.644817 3.8347 -0.693154 3.82724 -0.735005 3.82605 -0.7736 3.83009 -0.808938 3.83934 -0.840417 3.85369 -0.867434 3.87299 -0.889988 3.89725 -0.907436 3.9254 -0.919135 3.95638 -0.925083 3.99019 -0.925022 4.02669 -0.918288 4.06113 -0.904881 4.09352 -0.884801 4.12385 -0.856773 4.15015 -0.819525 4.17044 -0.773056 4.18472 -0.72482 4.26576 -0.689948 4.26688 -0.655654 4.26409 -0.621936 4.25739 -0.588795 4.24679 -0.547669 4.2266 -0.511895 4.1995 -0.481473 4.16548 -0.462853 4.13617 -0.448613 4.10447 -0.438752 4.07036 -0.433271 4.03385 -0.432978 3.98819 -0.440195 3.94399 -0.454924 3.90126 -0.477135 3.862 -0.506799 3.8282 -0.543915 3.79988 -0.575796 3.78264 -0.610176 3.76931 -0.647054 3.7599 -0.68643 3.7544 -0.72562 3.75294 -0.763031 3.75556 -0.798665 3.76226 -0.832521 3.77304 -0.873654 3.79353 -0.909141 3.82085 -0.938981 3.85498 -0.957114 3.88423 -0.970989 3.9157 -0.980605 3.94937 -0.985962 3.98524 -0.985962 4.03953 -0.976104 4.08945 -0.956388 4.135 -0.926814 4.17617 -0.896653 4.20471 -0.861372 4.22794 -0.820973 4.24585 -0.775456 4.25846 -0.717367 4.19299 -0.773056 4.18472 -0.819525 4.17044 -0.856773 4.15015 -0.884801 4.12385 -0.904881 4.09352 -0.918288 4.06113 -0.925022 4.02669 -0.925083 3.99019 -0.919135 3.95638 -0.907436 3.9254 -0.889988 3.89725 -0.867434 3.87299 -0.840417 3.85369 -0.808938 3.83934 -0.7736 3.83009 -0.735005 3.82605 -0.693154 3.82724 -0.644817 3.8347 -0.602918 3.8481 -0.567456 3.86743 -0.538432 3.89269 -0.516288 3.92237 -0.501465 3.95498 -0.493964 3.9905 -0.493786 4.02893 -0.500533 4.06615 -0.513937 4.09945 -0.533999 4.12885 -0.560718 4.15434 -0.593044 4.17441 -0.629928 4.18754 -0.671368 4.19373 -86.1696 3.70916 -86.1696 3.64113 -86.2226 3.64113 -86.2226 3.70916 -86.1696 0.090038 -86.1696 0.511368 -86.2226 0.511368 -86.2226 0.090038 -86.1696 0.511368 -86.1696 0.090038 -86.2226 0.090038 -86.2226 0.511368 -86.1696 3.35951 -86.1696 3.28673 -86.2226 3.28673 -86.2226 3.35951 -86.1696 0.090038 -86.1696 0.62621 -86.2226 0.62621 -86.2226 0.090038 -86.1696 3.28673 -86.1696 3.35476 -86.2226 3.35476 -86.2226 3.28673 -86.1696 0.62621 -86.1696 0.205246 -86.2226 0.205246 -86.2226 0.62621 -86.1696 0.205246 -86.1696 0.62621 -86.2226 0.62621 -86.2226 0.205246 -86.1696 3.63638 -86.1696 3.70916 -86.2226 3.70916 -86.2226 3.63638 -86.1696 0.62621 -86.1696 0.090038 -86.2226 0.090038 -86.2226 0.62621 -0.090038 3.70916 -0.62621 3.70916 -0.62621 3.63638 -0.205246 3.35476 -0.62621 3.35476 -0.62621 3.28673 -0.090038 3.28673 -0.090038 3.35951 -0.511368 3.64113 -0.090038 3.64113 -0.090038 3.70916 -0.090038 3.64113 -0.511368 3.64113 -0.090038 3.35951 -0.090038 3.28673 -0.62621 3.28673 -0.62621 3.35476 -0.205246 3.35476 -0.62621 3.63638 -0.62621 3.70916 -86.1696 3.16823 -86.1696 3.10021 -86.2226 3.10021 -86.2226 3.16823 -86.1696 0.090038 -86.1696 0.511368 -86.2226 0.511368 -86.2226 0.090038 -86.1696 0.511368 -86.1696 0.090038 -86.2226 0.090038 -86.2226 0.511368 -86.1696 2.81859 -86.1696 2.74581 -86.2226 2.74581 -86.2226 2.81859 -86.1696 0.090038 -86.1696 0.62621 -86.2226 0.62621 -86.2226 0.090038 -86.1696 2.74581 -86.1696 2.81383 -86.2226 2.81383 -86.2226 2.74581 -86.1696 0.62621 -86.1696 0.205246 -86.2226 0.205246 -86.2226 0.62621 -86.1696 0.205246 -86.1696 0.62621 -86.2226 0.62621 -86.2226 0.205246 -86.1696 3.09545 -86.1696 3.16823 -86.2226 3.16823 -86.2226 3.09545 -86.1696 0.62621 -86.1696 0.090038 -86.2226 0.090038 -86.2226 0.62621 -0.090038 3.16823 -0.62621 3.16823 -0.62621 3.09545 -0.205246 2.81383 -0.62621 2.81383 -0.62621 2.74581 -0.090038 2.74581 -0.090038 2.81859 -0.511368 3.10021 -0.090038 3.10021 -0.090038 3.16823 -0.090038 3.10021 -0.511368 3.10021 -0.090038 2.81859 -0.090038 2.74581 -0.62621 2.74581 -0.62621 2.81383 -0.205246 2.81383 -0.62621 3.09545 -0.62621 3.16823 -86.1696 -2.62511 -86.1696 -2.225 -86.2226 -2.225 -86.2226 -2.62511 -86.1696 0.090038 -86.1696 0.153311 -86.2226 0.153311 -86.2226 0.090038 -86.1696 -2.225 -86.1696 -2.55416 -86.2226 -2.55416 -86.2226 -2.225 -86.1696 0.153311 -86.1696 0.335814 -86.2226 0.335814 -86.2226 0.153311 -86.1696 -2.55416 -86.1696 -2.25755 -86.2226 -2.25755 -86.2226 -2.55416 -86.1696 0.335814 -86.1696 0.398721 -86.2226 0.398721 -86.2226 0.335814 -86.1696 -2.25755 -86.1696 -2.55416 -86.2226 -2.55416 -86.2226 -2.25755 -86.1696 0.398721 -86.1696 0.562937 -86.2226 0.562937 -86.2226 0.398721 -86.1696 -2.55416 -86.1696 -2.23743 -86.2226 -2.23743 -86.2226 -2.55416 -86.1696 0.562937 -86.1696 0.62621 -86.2226 0.62621 -86.2226 0.562937 -86.1696 -2.23743 -86.1696 -2.62511 -86.2226 -2.62511 -86.2226 -2.23743 -86.1696 0.62621 -86.1696 0.090038 -86.2226 0.090038 -86.2226 0.62621 -0.090038 -2.62511 -0.62621 -2.62511 -0.62621 -2.23743 -0.562937 -2.23743 -0.562937 -2.55416 -0.398721 -2.55416 -0.398721 -2.25755 -0.335814 -2.25755 -0.335814 -2.55416 -0.153311 -2.55416 -0.153311 -2.225 -0.090038 -2.225 -0.090038 -2.62511 -0.090038 -2.225 -0.153311 -2.225 -0.153311 -2.55416 -0.335814 -2.55416 -0.335814 -2.25755 -0.398721 -2.25755 -0.398721 -2.55416 -0.562937 -2.55416 -0.562937 -2.23743 -0.62621 -2.23743 -0.62621 -2.62511 -86.1696 -0.157623 -86.1696 -0.200887 -86.2226 -0.200887 -86.2226 -0.157623 -86.1696 -0.200887 -86.1696 -0.238432 -86.2226 -0.238432 -86.2226 -0.200887 -86.1696 -0.238432 -86.1696 -0.27026 -86.2226 -0.27026 -86.2226 -0.238432 -86.1696 -0.27026 -86.1696 -0.296023 -86.2226 -0.296023 -86.2226 -0.27026 -86.1696 1.81266 -86.1696 1.84248 -86.2226 1.84248 -86.2226 1.81266 -86.1696 1.84248 -86.1696 1.87811 -86.2226 1.87811 -86.2226 1.84248 -86.1696 1.87811 -86.1696 1.90972 -86.2226 1.90972 -86.2226 1.87811 -86.1696 1.90972 -86.1696 1.94121 -86.2226 1.94121 -86.2226 1.90972 -86.1696 1.94121 -86.1696 1.97258 -86.2226 1.97258 -86.2226 1.94121 -86.1696 1.97258 -86.1696 2.0022 -86.2226 2.0022 -86.2226 1.97258 -86.1696 2.0022 -86.1696 2.02846 -86.2226 2.02846 -86.2226 2.0022 -86.1696 -0.293737 -86.1696 -0.267393 -86.2226 -0.267393 -86.2226 -0.293737 -86.1696 -0.267393 -86.1696 -0.235256 -86.2226 -0.235256 -86.2226 -0.267393 -86.1696 -0.235256 -86.1696 -0.19829 -86.2226 -0.19829 -86.2226 -0.235256 -86.1696 -0.19829 -86.1696 -0.156497 -86.2226 -0.156497 -86.2226 -0.19829 -86.1696 -0.156497 -86.1696 -0.122096 -86.2226 -0.122096 -86.2226 -0.156497 -86.1696 -0.122096 -86.1696 -0.087449 -86.2226 -0.087449 -86.2226 -0.122096 -86.1696 -0.087449 -86.1696 -0.052556 -86.2226 -0.052556 -86.2226 -0.087449 -86.1696 -0.052556 -86.1696 -0.019056 -86.2226 -0.019056 -86.2226 -0.052556 -86.1696 -0.019056 -86.1696 0.011414 -86.2226 0.011414 -86.2226 -0.019056 -86.1696 0.011414 -86.1696 0.038854 -86.2226 0.038854 -86.2226 0.011414 -86.1696 2.07175 -86.1696 2.04676 -86.2226 2.04676 -86.2226 2.07175 -86.1696 2.04676 -86.1696 2.01579 -86.2226 2.01579 -86.2226 2.04676 -86.1696 2.01579 -86.1696 1.97883 -86.2226 1.97883 -86.2226 2.01579 -86.1696 1.97883 -86.1696 1.94532 -86.2226 1.94532 -86.2226 1.97883 -86.1696 1.94532 -86.1696 1.9143 -86.2226 1.9143 -86.2226 1.94532 -86.1696 1.9143 -86.1696 1.88577 -86.2226 1.88577 -86.2226 1.9143 -86.1696 1.88577 -86.1696 1.85943 -86.2226 1.85943 -86.2226 1.88577 -86.1696 1.85943 -86.1696 1.83498 -86.2226 1.83498 -86.2226 1.85943 -86.1696 0.050373 -86.1696 0.01948 -86.2226 0.01948 -86.2226 0.050373 -86.1696 1.81242 -86.1696 1.74872 -86.2226 1.74872 -86.2226 1.81242 -86.1696 0.052544 -86.1696 0.083367 -86.2226 0.083367 -86.2226 0.052544 -86.1696 0.083367 -86.1696 0.109139 -86.2226 0.109139 -86.2226 0.083367 -86.1696 1.79385 -86.1696 1.82094 -86.2226 1.82094 -86.2226 1.79385 -86.1696 1.82094 -86.1696 1.85105 -86.2226 1.85105 -86.2226 1.82094 -86.1696 1.85105 -86.1696 1.88358 -86.2226 1.88358 -86.2226 1.85105 -86.1696 1.88358 -86.1696 1.91797 -86.2226 1.91797 -86.2226 1.88358 -86.1696 1.91797 -86.1696 1.9542 -86.2226 1.9542 -86.2226 1.91797 -86.1696 1.9542 -86.1696 1.99228 -86.2226 1.99228 -86.2226 1.9542 -86.1696 1.99228 -86.1696 2.03598 -86.2226 2.03598 -86.2226 1.99228 -86.1696 2.03598 -86.1696 2.07536 -86.2226 2.07536 -86.2226 2.03598 -86.1696 2.07536 -86.1696 2.11041 -86.2226 2.11041 -86.2226 2.07536 -86.1696 0.088878 -86.1696 0.055819 -86.2226 0.055819 -86.2226 0.088878 -86.1696 0.055819 -86.1696 0.017772 -86.2226 0.017772 -86.2226 0.055819 -86.1696 0.017772 -86.1696 -0.025264 -86.2226 -0.025264 -86.2226 0.017772 -86.1696 -0.025264 -86.1696 -0.060219 -86.2226 -0.060219 -86.2226 -0.025264 -86.1696 -0.060219 -86.1696 -0.096787 -86.2226 -0.096787 -86.2226 -0.060219 -86.1696 -0.096787 -86.1696 -0.134969 -86.2226 -0.134969 -86.2226 -0.096787 -86.1696 -0.134969 -86.1696 -0.174765 -86.2226 -0.174765 -86.2226 -0.134969 -86.1696 -0.174765 -86.1696 -0.210965 -86.2226 -0.210965 -86.2226 -0.174765 -86.1696 -0.210965 -86.1696 -0.245102 -86.2226 -0.245102 -86.2226 -0.210965 -86.1696 -0.245102 -86.1696 -0.277174 -86.2226 -0.277174 -86.2226 -0.245102 -86.1696 -0.277174 -86.1696 -0.307182 -86.2226 -0.307182 -86.2226 -0.277174 -86.1696 -0.307182 -86.1696 -0.341701 -86.2226 -0.341701 -86.2226 -0.307182 -86.1696 2.07689 -86.1696 2.04184 -86.2226 2.04184 -86.2226 2.07689 -86.1696 2.04184 -86.1696 2.00291 -86.2226 2.00291 -86.2226 2.04184 -86.1696 2.00291 -86.1696 1.97083 -86.2226 1.97083 -86.2226 2.00291 -86.1696 1.97083 -86.1696 1.93592 -86.2226 1.93592 -86.2226 1.97083 -86.1696 1.93592 -86.1696 1.89816 -86.2226 1.89816 -86.2226 1.93592 -86.1696 1.89816 -86.1696 1.85756 -86.2226 1.85756 -86.2226 1.89816 -86.1696 1.85756 -86.1696 1.81923 -86.2226 1.81923 -86.2226 1.85756 -86.1696 1.81923 -86.1696 1.78542 -86.2226 1.78542 -86.2226 1.81923 -86.1696 1.78542 -86.1696 1.75614 -86.2226 1.75614 -86.2226 1.78542 -86.1696 -0.333497 -86.1696 -0.306535 -86.2226 -0.306535 -86.2226 -0.333497 -86.1696 -0.306535 -86.1696 -0.275216 -86.2226 -0.275216 -86.2226 -0.306535 -86.1696 -0.275216 -86.1696 -0.239957 -86.2226 -0.239957 -86.2226 -0.275216 -86.1696 -0.239957 -86.1696 -0.20076 -86.2226 -0.20076 -86.2226 -0.239957 -86.1696 -0.20076 -86.1696 -0.157623 -86.2226 -0.157623 -86.2226 -0.20076 -86.1696 1.68621 -86.1696 1.75939 -86.2226 1.75939 -86.2226 1.68621 0.157623 1.75939 0.157623 1.68621 0.20076 1.68912 0.239957 1.69762 0.275216 1.71171 0.306535 1.7314 0.333497 1.75614 0.355686 1.78542 0.373101 1.81923 0.385743 1.85756 0.393722 1.89816 0.396434 1.93592 0.393876 1.97083 0.386051 2.00291 0.367991 2.04184 0.341701 2.07689 0.307182 2.10808 0.277174 2.12845 0.245102 2.14568 0.210965 2.15979 0.174765 2.17076 0.134969 2.17875 0.096787 2.1822 0.060219 2.18112 0.025264 2.17551 -0.017772 2.16128 -0.055819 2.13958 -0.088878 2.11041 -0.11628 2.07536 -0.137354 2.03598 -0.152101 1.99228 -0.159079 1.9542 -0.160309 1.91797 -0.155791 1.88358 -0.145525 1.85105 -0.129858 1.82094 -0.109139 1.79385 -0.083367 1.76978 -0.052544 1.74872 -0.01948 1.81242 -0.050373 1.83498 -0.073495 1.85943 -0.088846 1.88577 -0.096938 1.9143 -0.098282 1.94532 -0.092879 1.97883 -0.080149 2.01579 -0.06214 2.04676 -0.038854 2.07175 -0.011414 2.09053 0.019056 2.10289 0.052556 2.10883 0.087449 2.10966 0.122096 2.10669 0.156497 2.09993 0.19829 2.08709 0.235256 2.0709 0.267393 2.05136 0.293737 2.02846 0.313322 2.0022 0.326146 1.97258 0.332684 1.94121 0.333406 1.90972 0.328312 1.87811 0.315374 1.84248 0.296023 1.81266 0.27026 1.78865 0.238432 1.77134 0.200887 1.76158 0.157623 1.75939 0.200887 1.76158 0.238432 1.77134 0.27026 1.78865 0.296023 1.81266 0.315374 1.84248 0.328312 1.87811 0.333406 1.90972 0.332684 1.94121 0.326146 1.97258 0.313322 2.0022 0.293737 2.02846 0.267393 2.05136 0.235256 2.0709 0.19829 2.08709 0.156497 2.09993 0.122096 2.10669 0.087449 2.10966 0.052556 2.10883 0.019056 2.10289 -0.011414 2.09053 -0.038854 2.07175 -0.06214 2.04676 -0.080149 2.01579 -0.092879 1.97883 -0.098282 1.94532 -0.096938 1.9143 -0.088846 1.88577 -0.073495 1.85943 -0.050373 1.83498 -0.01948 1.81242 -0.052544 1.74872 -0.083367 1.76978 -0.109139 1.79385 -0.129858 1.82094 -0.145525 1.85105 -0.155791 1.88358 -0.160309 1.91797 -0.159079 1.9542 -0.152101 1.99228 -0.137354 2.03598 -0.11628 2.07536 -0.088878 2.11041 -0.055819 2.13958 -0.017772 2.16128 0.025264 2.17551 0.060219 2.18112 0.096787 2.1822 0.134969 2.17875 0.174765 2.17076 0.210965 2.15979 0.245102 2.14568 0.277174 2.12845 0.307182 2.10808 0.341701 2.07689 0.367991 2.04184 0.386051 2.00291 0.393876 1.97083 0.396434 1.93592 0.393722 1.89816 0.385743 1.85756 0.373101 1.81923 0.355686 1.78542 0.333497 1.75614 0.306535 1.7314 0.275216 1.71171 0.239957 1.69762 0.20076 1.68912 0.157623 1.68621 -86.1696 1.44963 -86.1696 1.37868 -86.2226 1.37868 -86.2226 1.44963 -86.1696 0.090038 -86.1696 0.562937 -86.2226 0.562937 -86.2226 0.090038 -86.1696 1.37868 -86.1696 1.2013 -86.2226 1.2013 -86.2226 1.37868 -86.1696 0.562937 -86.1696 0.62621 -86.2226 0.62621 -86.2226 0.562937 -86.1696 1.2013 -86.1696 1.62628 -86.2226 1.62628 -86.2226 1.2013 -86.1696 0.62621 -86.1696 0.562937 -86.2226 0.562937 -86.2226 0.62621 -86.1696 1.62628 -86.1696 1.44963 -86.2226 1.44963 -86.2226 1.62628 -86.1696 0.562937 -86.1696 0.090038 -86.2226 0.090038 -86.2226 0.562937 -0.090038 1.44963 -0.562937 1.44963 -0.562937 1.62628 -0.62621 1.62628 -0.62621 1.2013 -0.562937 1.2013 -0.562937 1.37868 -0.090038 1.37868 -0.090038 1.44963 -0.090038 1.37868 -0.562937 1.37868 -0.562937 1.2013 -0.62621 1.2013 -0.62621 1.62628 -0.562937 1.62628 -0.562937 1.44963 -86.1696 1.11645 -86.1696 1.04549 -86.2226 1.04549 -86.2226 1.11645 -86.1696 0.090038 -86.1696 0.62621 -86.2226 0.62621 -86.2226 0.090038 -86.1696 1.04549 -86.1696 1.11645 -86.2226 1.11645 -86.2226 1.04549 -86.1696 0.62621 -86.1696 0.090038 -86.2226 0.090038 -86.2226 0.62621 -0.090038 1.11645 -0.62621 1.11645 -0.62621 1.04549 -0.090038 1.04549 -0.090038 1.11645 -0.090038 1.04549 -0.62621 1.04549 -0.62621 1.11645 -86.1696 0.431749 -86.1696 0.396878 -86.2226 0.396878 -86.2226 0.431749 -86.1696 0.396878 -86.1696 0.362583 -86.2226 0.362583 -86.2226 0.396878 -86.1696 0.362583 -86.1696 0.328866 -86.2226 0.328866 -86.2226 0.362583 -86.1696 0.328866 -86.1696 0.295725 -86.2226 0.295725 -86.2226 0.328866 -86.1696 0.295725 -86.1696 0.254599 -86.2226 0.254599 -86.2226 0.295725 -86.1696 0.254599 -86.1696 0.218824 -86.2226 0.218824 -86.2226 0.254599 -86.1696 0.841625 -86.1696 0.807608 -86.2226 0.807608 -86.2226 0.841625 -86.1696 0.807608 -86.1696 0.778303 -86.2226 0.778303 -86.2226 0.807608 -86.1696 0.778303 -86.1696 0.746596 -86.2226 0.746596 -86.2226 0.778303 -86.1696 0.746596 -86.1696 0.712488 -86.2226 0.712488 -86.2226 0.746596 -86.1696 0.712488 -86.1696 0.675978 -86.2226 0.675978 -86.2226 0.712488 -86.1696 0.675978 -86.1696 0.630316 -86.2226 0.630316 -86.2226 0.675978 -86.1696 0.630316 -86.1696 0.586121 -86.2226 0.586121 -86.2226 0.630316 -86.1696 0.586121 -86.1696 0.54339 -86.2226 0.54339 -86.2226 0.586121 -86.1696 0.54339 -86.1696 0.504127 -86.2226 0.504127 -86.2226 0.54339 -86.1696 0.504127 -86.1696 0.470332 -86.2226 0.470332 -86.2226 0.504127 -86.1696 0.213729 -86.1696 0.250845 -86.2226 0.250845 -86.2226 0.213729 -86.1696 0.250845 -86.1696 0.282726 -86.2226 0.282726 -86.2226 0.250845 -86.1696 0.282726 -86.1696 0.317106 -86.2226 0.317106 -86.2226 0.282726 -86.1696 0.317106 -86.1696 0.353983 -86.2226 0.353983 -86.2226 0.317106 -86.1696 0.353983 -86.1696 0.393359 -86.2226 0.393359 -86.2226 0.353983 -86.1696 0.393359 -86.1696 0.432549 -86.2226 0.432549 -86.2226 0.393359 -86.1696 0.432549 -86.1696 0.469961 -86.2226 0.469961 -86.2226 0.432549 -86.1696 0.469961 -86.1696 0.505595 -86.2226 0.505595 -86.2226 0.469961 -86.1696 0.505595 -86.1696 0.539451 -86.2226 0.539451 -86.2226 0.505595 -86.1696 0.539451 -86.1696 0.580584 -86.2226 0.580584 -86.2226 0.539451 -86.1696 0.580584 -86.1696 0.616071 -86.2226 0.616071 -86.2226 0.580584 -86.1696 0.462976 -86.1696 0.497104 -86.2226 0.497104 -86.2226 0.462976 -86.1696 0.497104 -86.1696 0.52636 -86.2226 0.52636 -86.2226 0.497104 -86.1696 0.52636 -86.1696 0.557824 -86.2226 0.557824 -86.2226 0.52636 -86.1696 0.557824 -86.1696 0.591495 -86.2226 0.591495 -86.2226 0.557824 -86.1696 0.591495 -86.1696 0.627373 -86.2226 0.627373 -86.2226 0.591495 -86.1696 0.627373 -86.1696 0.681662 -86.2226 0.681662 -86.2226 0.627373 -86.1696 0.681662 -86.1696 0.73158 -86.2226 0.73158 -86.2226 0.681662 -86.1696 0.73158 -86.1696 0.777126 -86.2226 0.777126 -86.2226 0.73158 -86.1696 0.777126 -86.1696 0.818302 -86.2226 0.818302 -86.2226 0.777126 -86.1696 0.633744 -86.1696 0.603582 -86.2226 0.603582 -86.2226 0.633744 -86.1696 0.603582 -86.1696 0.568302 -86.2226 0.568302 -86.2226 0.603582 -86.1696 0.568302 -86.1696 0.527903 -86.2226 0.527903 -86.2226 0.568302 -86.1696 0.527903 -86.1696 0.482385 -86.2226 0.482385 -86.2226 0.527903 -86.1696 0.482385 -86.1696 0.431749 -86.2226 0.431749 -86.2226 0.482385 -86.1696 0.424296 -86.1696 0.479986 -86.2226 0.479986 -86.2226 0.424296 -86.1696 0.479986 -86.1696 0.526455 -86.2226 0.526455 -86.2226 0.479986 -86.1696 0.526455 -86.1696 0.563703 -86.2226 0.563703 -86.2226 0.526455 -86.1696 0.563703 -86.1696 0.59173 -86.2226 0.59173 -86.2226 0.563703 -86.1696 0.765982 -86.1696 0.73565 -86.2226 0.73565 -86.2226 0.765982 -86.1696 0.73565 -86.1696 0.703263 -86.2226 0.703263 -86.2226 0.73565 -86.1696 0.703263 -86.1696 0.668819 -86.2226 0.668819 -86.2226 0.703263 -86.1696 0.668819 -86.1696 0.632319 -86.2226 0.632319 -86.2226 0.668819 -86.1696 0.632319 -86.1696 0.598512 -86.2226 0.598512 -86.2226 0.632319 -86.1696 0.598512 -86.1696 0.567531 -86.2226 0.567531 -86.2226 0.598512 -86.1696 0.567531 -86.1696 0.539378 -86.2226 0.539378 -86.2226 0.567531 -86.1696 0.539378 -86.1696 0.515117 -86.2226 0.515117 -86.2226 0.539378 -86.1696 0.574363 -86.1696 0.547347 -86.2226 0.547347 -86.2226 0.574363 -86.1696 0.547347 -86.1696 0.515868 -86.2226 0.515868 -86.2226 0.547347 -86.1696 0.515868 -86.1696 0.48053 -86.2226 0.48053 -86.2226 0.515868 -86.1696 0.48053 -86.1696 0.441935 -86.2226 0.441935 -86.2226 0.48053 -86.1696 0.441935 -86.1696 0.400084 -86.2226 0.400084 -86.2226 0.441935 -86.1696 0.400084 -86.1696 0.351747 -86.2226 0.351747 -86.2226 0.400084 -86.1696 0.351747 -86.1696 0.309847 -86.2226 0.309847 -86.2226 0.351747 -86.1696 0.309847 -86.1696 0.274386 -86.2226 0.274386 -86.2226 0.309847 -86.1696 0.274386 -86.1696 0.245362 -86.2226 0.245362 -86.2226 0.274386 -86.1696 0.534817 -86.1696 0.564502 -86.2226 0.564502 -86.2226 0.534817 -86.1696 0.564502 -86.1696 0.597105 -86.2226 0.597105 -86.2226 0.564502 -86.1696 0.597105 -86.1696 0.632626 -86.2226 0.632626 -86.2226 0.597105 -86.1696 0.632626 -86.1696 0.671063 -86.2226 0.671063 -86.2226 0.632626 -86.1696 0.671063 -86.1696 0.708277 -86.2226 0.708277 -86.2226 0.671063 -86.1696 0.708277 -86.1696 0.741583 -86.2226 0.741583 -86.2226 0.708277 -86.1696 0.741583 -86.1696 0.77098 -86.2226 0.77098 -86.2226 0.741583 -86.1696 0.240929 -86.1696 0.267648 -86.2226 0.267648 -86.2226 0.240929 -86.1696 0.267648 -86.1696 0.299974 -86.2226 0.299974 -86.2226 0.267648 -86.1696 0.299974 -86.1696 0.336857 -86.2226 0.336857 -86.2226 0.299974 -86.1696 0.336857 -86.1696 0.378298 -86.2226 0.378298 -86.2226 0.336857 -86.1696 0.378298 -86.1696 0.424296 -86.2226 0.424296 -86.2226 0.378298 -0.431749 0.907889 -0.482385 0.900591 -0.527903 0.887983 -0.568302 0.870066 -0.603582 0.846839 -0.633744 0.818302 -0.663318 0.777126 -0.683034 0.73158 -0.692892 0.681662 -0.692892 0.627373 -0.687535 0.591495 -0.677919 0.557824 -0.664044 0.52636 -0.645911 0.497104 -0.616071 0.462976 -0.580584 0.435662 -0.539451 0.415165 -0.505595 0.404387 -0.469961 0.397688 -0.432549 0.395067 -0.393359 0.396526 -0.353983 0.402028 -0.317106 0.411442 -0.282726 0.424768 -0.250845 0.442006 -0.213729 0.470332 -0.184065 0.504127 -0.161854 0.54339 -0.147125 0.586121 -0.139907 0.630316 -0.140201 0.675978 -0.145682 0.712488 -0.155543 0.746596 -0.169783 0.778303 -0.188402 0.807608 -0.218824 0.841625 -0.254599 0.86873 -0.295725 0.888922 -0.328866 0.899521 -0.362583 0.906216 -0.396878 0.909005 -0.424296 0.835113 -0.378298 0.835858 -0.336857 0.829666 -0.299974 0.816537 -0.267648 0.79647 -0.240929 0.77098 -0.220867 0.741583 -0.207462 0.708277 -0.200715 0.671063 -0.200894 0.632626 -0.208395 0.597105 -0.223217 0.564502 -0.245362 0.534817 -0.274386 0.509556 -0.309847 0.490227 -0.351747 0.47683 -0.400084 0.469365 -0.441935 0.46818 -0.48053 0.472215 -0.515868 0.48147 -0.547347 0.495815 -0.574363 0.515117 -0.596918 0.539378 -0.614366 0.567531 -0.626064 0.598512 -0.632013 0.632319 -0.631952 0.668819 -0.625218 0.703263 -0.611811 0.73565 -0.59173 0.765982 -0.563703 0.79228 -0.526455 0.812568 -0.479986 0.826846 -0.431749 0.907889 -0.396878 0.909005 -0.362583 0.906216 -0.328866 0.899521 -0.295725 0.888922 -0.254599 0.86873 -0.218824 0.841625 -0.188402 0.807608 -0.169783 0.778303 -0.155543 0.746596 -0.145682 0.712488 -0.140201 0.675978 -0.139907 0.630316 -0.147125 0.586121 -0.161854 0.54339 -0.184065 0.504127 -0.213729 0.470332 -0.250845 0.442006 -0.282726 0.424768 -0.317106 0.411442 -0.353983 0.402028 -0.393359 0.396526 -0.432549 0.395067 -0.469961 0.397688 -0.505595 0.404387 -0.539451 0.415165 -0.580584 0.435662 -0.616071 0.462976 -0.645911 0.497104 -0.664044 0.52636 -0.677919 0.557824 -0.687535 0.591495 -0.692892 0.627373 -0.692892 0.681662 -0.683034 0.73158 -0.663318 0.777126 -0.633744 0.818302 -0.603582 0.846839 -0.568302 0.870066 -0.527903 0.887983 -0.482385 0.900591 -0.424296 0.835113 -0.479986 0.826846 -0.526455 0.812568 -0.563703 0.79228 -0.59173 0.765982 -0.611811 0.73565 -0.625218 0.703263 -0.631952 0.668819 -0.632013 0.632319 -0.626064 0.598512 -0.614366 0.567531 -0.596918 0.539378 -0.574363 0.515117 -0.547347 0.495815 -0.515868 0.48147 -0.48053 0.472215 -0.441935 0.46818 -0.400084 0.469365 -0.351747 0.47683 -0.309847 0.490227 -0.274386 0.509556 -0.245362 0.534817 -0.223217 0.564502 -0.208395 0.597105 -0.200894 0.632626 -0.200715 0.671063 -0.207462 0.708277 -0.220867 0.741583 -0.240929 0.77098 -0.267648 0.79647 -0.299974 0.816537 -0.336857 0.829666 -0.378298 0.835858 -86.1696 0.338523 -86.1696 0.270496 -86.2226 0.270496 -86.2226 0.338523 -86.1696 0.090038 -86.1696 0.511368 -86.2226 0.511368 -86.2226 0.090038 -86.1696 0.511368 -86.1696 0.090038 -86.2226 0.090038 -86.2226 0.511368 -86.1696 -0.011122 -86.1696 -0.083903 -86.2226 -0.083903 -86.2226 -0.011122 -86.1696 0.090038 -86.1696 0.62621 -86.2226 0.62621 -86.2226 0.090038 -86.1696 -0.083903 -86.1696 -0.015876 -86.2226 -0.015876 -86.2226 -0.083903 -86.1696 0.62621 -86.1696 0.205246 -86.2226 0.205246 -86.2226 0.62621 -86.1696 0.205246 -86.1696 0.62621 -86.2226 0.62621 -86.2226 0.205246 -86.1696 0.265741 -86.1696 0.338523 -86.2226 0.338523 -86.2226 0.265741 -86.1696 0.62621 -86.1696 0.090038 -86.2226 0.090038 -86.2226 0.62621 -0.090038 0.338523 -0.62621 0.338523 -0.62621 0.265741 -0.205246 -0.015876 -0.62621 -0.015876 -0.62621 -0.083903 -0.090038 -0.083903 -0.090038 -0.011122 -0.511368 0.270496 -0.090038 0.270496 -0.090038 0.338523 -0.090038 0.270496 -0.511368 0.270496 -0.090038 -0.011122 -0.090038 -0.083903 -0.62621 -0.083903 -0.62621 -0.015876 -0.205246 -0.015876 -0.62621 0.265741 -0.62621 0.338523</float_array>
          <technique_common>
            <accessor source="#Geometry2-texcoord-array" count="2304" stride="2">
              <param name="S" type="float"/>
              <param name="T" type="float"/>
            </accessor>
          </technique_common>
        </source>
        <vertices id="Geometry2-vertices">
          <input semantic="POSITION" source="#Geometry2-position"/>
        </vertices>
        <triangles material="Material8" count="26">
          <input semantic="VERTEX" source="#Geometry2-vertices" offset="0"/>
          <input semantic="NORMAL" source="#Geometry2-normal" offset="1"/>
          <input semantic="TEXCOORD" source="#Geometry2-texcoord" offset="2"/>
          <p>0 0 0 2 0 1 3 0 2 0 0 0 3 0 2 1 0 3 2 1 4 4 1 5 5 1 6 2 1 4 5 1 6 3 1 7 4 0 8 6 0 9 7 0 10 4 0 8 7 0 10 5 0 11 6 1 12 8 1 13 9 1 14 6 1 12 9 1 14 7 1 15 8 2 16 10 2 17 11 2 18 8 2 16 11 2 18 9 2 19 10 3 20 12 3 21 13 3 22 10 3 20 13 3 22 11 3 23 12 0 24 14 0 25 15 0 26 12 0 24 15 0 26 13 0 27 14 3 28 0 3 29 1 3 30 14 3 28 1 3 30 15 3 31 14 4 33 12 4 34 10 4 35 14 4 33 10 4 35 8 4 36 14 4 33 8 4 36 6 4 37 0 4 32 14 4 33 4 4 38 0 4 32 4 4 38 2 4 39 5 5 42 7 5 43 9 5 44 5 5 42 9 5 44 11 5 45 5 5 42 11 5 45 13 5 46 3 5 41 5 5 42 15 5 47 3 5 41 15 5 47 1 5 40</p>
        </triangles>
        <triangles material="Material8" count="44">
          <input semantic="VERTEX" source="#Geometry2-vertices" offset="0"/>
          <input semantic="NORMAL" source="#Geometry2-normal" offset="1"/>
          <input semantic="TEXCOORD" source="#Geometry2-texcoord" offset="2"/>
          <p>16 6 48 18 6 49 19 6 50 16 6 48 19 6 50 17 6 51 18 7 52 20 7 53 21 7 54 18 7 52 21 7 54 19 7 55 20 6 56 22 6 57 23 6 58 20 6 56 23 6 58 21 6 59 22 8 60 24 8 61 25 8 62 22 8 60 25 8 62 23 8 63 24 6 64 26 6 65 27 6 66 24 6 64 27 6 66 25 6 67 26 7 68 28 7 69 29 7 70 26 7 68 29 7 70 27 7 71 28 9 72 30 9 73 31 9 74 28 9 72 31 9 74 29 9 75 30 8 76 32 8 77 33 8 78 30 8 76 33 8 78 31 8 79 32 9 80 34 9 81 35 9 82 32 9 80 35 9 82 33 9 83 34 7 84 36 7 85 37 7 86 34 7 84 37 7 86 35 7 87 36 9 88 38 9 89 39 9 90 36 9 88 39 9 90 37 9 91 38 8 92 16 8 93 17 8 94 38 8 92 17 8 94 39 8 95 38 10 97 36 10 98 34 10 99 32 10 100 30 10 101 28 10 102 22 10 105 20 10 106 34 10 99 38 10 97 34 10 99 20 10 106 22 10 105 34 10 99 32 10 100 22 10 105 32 10 100 28 10 102 16 10 96 38 10 97 20 10 106 16 10 96 20 10 106 18 10 107 24 10 104 22 10 105 26 10 103 26 10 103 22 10 105 28 10 102 29 11 114 31 11 115 33 11 116 35 11 117 37 11 118 39 11 119 21 11 110 23 11 111 33 11 116 29 11 114 33 11 116 23 11 111 21 11 110 33 11 116 35 11 117 21 11 110 35 11 117 39 11 119 27 11 113 29 11 114 23 11 111 27 11 113 23 11 111 25 11 112 19 11 109 21 11 110 17 11 108 17 11 108 21 11 110 39 11 119</p>
        </triangles>
        <triangles material="Material8" count="44">
          <input semantic="VERTEX" source="#Geometry2-vertices" offset="0"/>
          <input semantic="NORMAL" source="#Geometry2-normal" offset="1"/>
          <input semantic="TEXCOORD" source="#Geometry2-texcoord" offset="2"/>
          <p>40 12 120 42 12 121 43 12 122 40 12 120 43 12 122 41 12 123 42 13 124 44 13 125 45 13 126 42 13 124 45 13 126 43 13 127 44 14 128 46 14 129 47 14 130 44 14 128 47 14 130 45 14 131 46 13 132 48 13 133 49 13 134 46 13 132 49 13 134 47 13 135 48 12 136 50 12 137 51 12 138 48 12 136 51 12 138 49 12 139 50 13 140 52 13 141 53 13 142 50 13 140 53 13 142 51 13 143 52 14 144 54 14 145 55 14 146 52 14 144 55 14 146 53 14 147 54 13 148 56 13 149 57 13 150 54 13 148 57 13 150 55 13 151 56 12 152 58 12 153 59 12 154 56 12 152 59 12 154 57 12 155 58 13 156 60 13 157 61 13 158 58 13 156 61 13 158 59 13 159 60 14 160 62 14 161 63 14 162 60 14 160 63 14 162 61 14 163 62 15 164 40 15 165 41 15 166 62 15 164 41 15 166 63 15 167 62 16 169 60 16 170 58 16 171 62 16 169 58 16 171 56 16 172 62 16 169 56 16 172 54 16 173 54 16 173 52 16 174 50 16 175 54 16 173 50 16 175 48 16 176 62 16 169 54 16 173 48 16 176 62 16 169 48 16 176 46 16 177 40 16 168 62 16 169 46 16 177 40 16 168 46 16 177 42 16 179 42 16 179 46 16 177 44 16 178 57 17 188 59 17 189 61 17 190 57 17 188 61 17 190 63 17 191 55 17 187 57 17 188 63 17 191 51 17 185 53 17 186 55 17 187 49 17 184 51 17 185 55 17 187 49 17 184 55 17 187 63 17 191 47 17 183 49 17 184 63 17 191 43 17 181 45 17 182 47 17 183 43 17 181 47 17 183 41 17 180 41 17 180 47 17 183 63 17 191</p>
        </triangles>
        <triangles material="Material8" count="44">
          <input semantic="VERTEX" source="#Geometry2-vertices" offset="0"/>
          <input semantic="NORMAL" source="#Geometry2-normal" offset="1"/>
          <input semantic="TEXCOORD" source="#Geometry2-texcoord" offset="2"/>
          <p>64 18 192 66 18 193 67 18 194 64 18 192 67 18 194 65 18 195 66 19 196 68 19 197 69 19 198 66 19 196 69 19 198 67 19 199 68 18 200 70 18 201 71 18 202 68 18 200 71 18 202 69 18 203 70 20 204 72 20 205 73 20 206 70 20 204 73 20 206 71 20 207 72 18 208 74 18 209 75 18 210 72 18 208 75 18 210 73 18 211 74 19 212 76 19 213 77 19 214 74 19 212 77 19 214 75 19 215 76 21 216 78 21 217 79 21 218 76 21 216 79 21 218 77 21 219 78 20 220 80 20 221 81 20 222 78 20 220 81 20 222 79 20 223 80 21 224 82 21 225 83 21 226 80 21 224 83 21 226 81 21 227 82 19 228 84 19 229 85 19 230 82 19 228 85 19 230 83 19 231 84 21 232 86 21 233 87 21 234 84 21 232 87 21 234 85 21 235 86 20 236 64 20 237 65 20 238 86 20 236 65 20 238 87 20 239 86 22 241 84 22 242 82 22 243 80 22 244 78 22 245 76 22 246 70 22 249 68 22 250 82 22 243 86 22 241 82 22 243 68 22 250 70 22 249 82 22 243 80 22 244 70 22 249 80 22 244 76 22 246 64 22 240 86 22 241 68 22 250 64 22 240 68 22 250 66 22 251 72 22 248 70 22 249 74 22 247 74 22 247 70 22 249 76 22 246 77 23 258 79 23 259 81 23 260 83 23 261 85 23 262 87 23 263 69 23 254 71 23 255 81 23 260 77 23 258 81 23 260 71 23 255 69 23 254 81 23 260 83 23 261 69 23 254 83 23 261 87 23 263 75 23 257 77 23 258 71 23 255 75 23 257 71 23 255 73 23 256 67 23 253 69 23 254 65 23 252 65 23 252 69 23 254 87 23 263</p>
        </triangles>
        <triangles material="Material8" count="272">
          <input semantic="VERTEX" source="#Geometry2-vertices" offset="0"/>
          <input semantic="NORMAL" source="#Geometry2-normal" offset="1"/>
          <input semantic="TEXCOORD" source="#Geometry2-texcoord" offset="2"/>
          <p>88 24 264 90 24 265 91 24 266 88 24 264 91 24 266 89 24 267 90 25 268 92 25 269 93 25 270 90 25 268 93 25 270 91 25 271 92 26 272 94 26 273 95 26 274 92 26 272 95 26 274 93 26 275 94 27 276 96 27 277 97 27 278 94 27 276 97 27 278 95 27 279 96 28 280 98 28 281 99 28 282 96 28 280 99 28 282 97 28 283 98 29 284 100 29 285 101 29 286 98 29 284 101 29 286 99 29 287 100 30 288 102 30 289 103 30 290 100 30 288 103 30 290 101 30 291 102 31 292 104 31 293 105 31 294 102 31 292 105 31 294 103 31 295 104 32 296 106 32 297 107 32 298 104 32 296 107 32 298 105 32 299 106 33 300 108 33 301 109 33 302 106 33 300 109 33 302 107 33 303 108 34 304 110 34 305 111 34 306 108 34 304 111 34 306 109 34 307 110 35 308 112 35 309 113 35 310 110 35 308 113 35 310 111 35 311 112 36 312 114 36 313 115 36 314 112 36 312 115 36 314 113 36 315 114 37 316 116 37 317 117 37 318 114 37 316 117 37 318 115 37 319 116 38 320 118 38 321 119 38 322 116 38 320 119 38 322 117 38 323 118 39 324 120 39 325 121 39 326 118 39 324 121 39 326 119 39 327 120 40 328 122 40 329 123 40 330 120 40 328 123 40 330 121 40 331 122 41 332 124 41 333 125 41 334 122 41 332 125 41 334 123 41 335 124 42 336 126 42 337 127 42 338 124 42 336 127 42 338 125 42 339 126 43 340 128 43 341 129 43 342 126 43 340 129 43 342 127 43 343 128 44 344 130 44 345 131 44 346 128 44 344 131 44 346 129 44 347 130 45 348 132 45 349 133 45 350 130 45 348 133 45 350 131 45 351 132 46 352 134 46 353 135 46 354 132 46 352 135 46 354 133 46 355 134 47 356 136 47 357 137 47 358 134 47 356 137 47 358 135 47 359 136 48 360 138 48 361 139 48 362 136 48 360 139 48 362 137 48 363 138 49 364 140 49 365 141 49 366 138 49 364 141 49 366 139 49 367 140 50 368 142 50 369 143 50 370 140 50 368 143 50 370 141 50 371 142 51 372 144 51 373 145 51 374 142 51 372 145 51 374 143 51 375 144 52 376 146 52 377 147 52 378 144 52 376 147 52 378 145 52 379 146 53 380 148 53 381 149 53 382 146 53 380 149 53 382 147 53 383 148 54 384 150 54 385 151 54 386 148 54 384 151 54 386 149 54 387 150 55 388 152 55 389 153 55 390 150 55 388 153 55 390 151 55 391 152 56 392 154 56 393 155 56 394 152 56 392 155 56 394 153 56 395 154 57 396 156 57 397 157 57 398 154 57 396 157 57 398 155 57 399 156 58 400 158 58 401 159 58 402 156 58 400 159 58 402 157 58 403 158 59 404 160 59 405 161 59 406 158 59 404 161 59 406 159 59 407 160 60 408 162 60 409 163 60 410 160 60 408 163 60 410 161 60 411 162 61 412 164 61 413 165 61 414 162 61 412 165 61 414 163 61 415 164 62 416 166 62 417 167 62 418 164 62 416 167 62 418 165 62 419 166 63 420 168 63 421 169 63 422 166 63 420 169 63 422 167 63 423 168 64 424 170 64 425 171 64 426 168 64 424 171 64 426 169 64 427 170 65 428 172 65 429 173 65 430 170 65 428 173 65 430 171 65 431 172 66 432 174 66 433 175 66 434 172 66 432 175 66 434 173 66 435 174 67 436 176 67 437 177 67 438 174 67 436 177 67 438 175 67 439 176 68 440 178 68 441 179 68 442 176 68 440 179 68 442 177 68 443 178 69 444 180 69 445 181 69 446 178 69 444 181 69 446 179 69 447 180 70 448 182 70 449 183 70 450 180 70 448 183 70 450 181 70 451 182 71 452 184 71 453 185 71 454 182 71 452 185 71 454 183 71 455 184 72 456 186 72 457 187 72 458 184 72 456 187 72 458 185 72 459 186 73 460 188 73 461 189 73 462 186 73 460 189 73 462 187 73 463 188 74 464 190 74 465 191 74 466 188 74 464 191 74 466 189 74 467 190 75 468 192 75 469 193 75 470 190 75 468 193 75 470 191 75 471 192 76 472 194 76 473 195 76 474 192 76 472 195 76 474 193 76 475 194 77 476 196 77 477 197 77 478 194 77 476 197 77 478 195 77 479 196 78 480 198 78 481 199 78 482 196 78 480 199 78 482 197 78 483 198 79 484 200 79 485 201 79 486 198 79 484 201 79 486 199 79 487 200 80 488 202 80 489 203 80 490 200 80 488 203 80 490 201 80 491 202 81 492 204 81 493 205 81 494 202 81 492 205 81 494 203 81 495 204 82 496 206 82 497 207 82 498 204 82 496 207 82 498 205 82 499 206 83 500 208 83 501 209 83 502 206 83 500 209 83 502 207 83 503 208 84 504 210 84 505 211 84 506 208 84 504 211 84 506 209 84 507 210 85 508 212 85 509 213 85 510 210 85 508 213 85 510 211 85 511 212 86 512 214 86 513 215 86 514 212 86 512 215 86 514 213 86 515 214 87 516 216 87 517 217 87 518 214 87 516 217 87 518 215 87 519 216 88 520 218 88 521 219 88 522 216 88 520 219 88 522 217 88 523 218 89 524 220 89 525 221 89 526 218 89 524 221 89 526 219 89 527 220 90 528 222 90 529 223 90 530 220 90 528 223 90 530 221 90 531 222 91 532 224 91 533 225 91 534 222 91 532 225 91 534 223 91 535 224 92 536 88 92 537 89 92 538 224 92 536 89 92 538 225 92 539 168 93 569 166 93 570 164 93 571 168 93 569 164 93 571 162 93 572 170 93 568 168 93 569 162 93 572 170 93 568 162 93 572 160 93 573 172 93 567 170 93 568 160 93 573 172 93 567 160 93 573 158 93 574 174 93 566 172 93 567 158 93 574 136 93 585 174 93 566 158 93 574 136 93 585 158 93 574 156 93 575 138 93 584 136 93 585 156 93 575 174 93 566 136 93 585 134 93 586 140 93 583 138 93 584 156 93 575 174 93 566 134 93 586 132 93 587 142 93 582 140 93 583 156 93 575 176 93 565 174 93 566 132 93 587 142 93 582 156 93 575 154 93 576 176 93 565 132 93 587 130 93 588 144 93 581 142 93 582 154 93 576 176 93 565 130 93 588 128 93 589 144 93 581 154 93 576 152 93 577 178 93 564 176 93 565 128 93 589 146 93 580 144 93 581 152 93 577 178 93 564 128 93 589 126 93 590 146 93 580 152 93 577 150 93 578 180 93 563 178 93 564 126 93 590 180 93 563 126 93 590 124 93 591 148 93 579 146 93 580 150 93 578 182 93 562 180 93 563 124 93 591 182 93 562 124 93 591 122 93 592 184 93 561 182 93 562 122 93 592 184 93 561 122 93 592 120 93 593 184 93 561 120 93 593 118 93 594 186 93 560 184 93 561 118 93 594 188 93 559 186 93 560 118 93 594 188 93 559 118 93 594 116 93 595 190 93 558 188 93 559 116 93 595 190 93 558 116 93 595 114 93 596 192 93 557 190 93 558 114 93 596 192 93 557 114 93 596 112 93 597 90 93 608 88 93 540 224 93 541 90 93 608 224 93 541 222 93 542 194 93 556 192 93 557 112 93 597 194 93 556 112 93 597 110 93 598 92 93 607 90 93 608 222 93 542 194 93 556 110 93 598 108 93 599 92 93 607 222 93 542 220 93 543 196 93 555 194 93 556 108 93 599 94 93 606 92 93 607 220 93 543 196 93 555 108 93 599 106 93 600 96 93 605 94 93 606 220 93 543 196 93 555 106 93 600 104 93 601 96 93 605 220 93 543 218 93 544 98 93 604 96 93 605 218 93 544 196 93 555 104 93 601 102 93 602 198 93 554 196 93 555 102 93 602 198 93 554 102 93 602 100 93 603 100 93 603 98 93 604 218 93 544 100 93 603 218 93 544 216 93 545 198 93 554 100 93 603 216 93 545 200 93 553 198 93 554 216 93 545 200 93 553 216 93 545 214 93 546 202 93 552 200 93 553 214 93 546 202 93 552 214 93 546 212 93 547 204 93 551 202 93 552 212 93 547 204 93 551 212 93 547 210 93 548 206 93 550 204 93 551 210 93 548 208 93 549 206 93 550 210 93 548 165 94 647 167 94 648 169 94 649 163 94 646 165 94 647 169 94 649 163 94 646 169 94 649 171 94 650 161 94 645 163 94 646 171 94 650 161 94 645 171 94 650 173 94 651 159 94 644 161 94 645 173 94 651 159 94 644 173 94 651 175 94 652 159 94 644 175 94 652 137 94 633 157 94 643 159 94 644 137 94 633 157 94 643 137 94 633 139 94 634 135 94 632 137 94 633 175 94 652 157 94 643 139 94 634 141 94 635 133 94 631 135 94 632 175 94 652 157 94 643 141 94 635 143 94 636 133 94 631 175 94 652 177 94 653 155 94 642 157 94 643 143 94 636 131 94 630 133 94 631 177 94 653 155 94 642 143 94 636 145 94 637 129 94 629 131 94 630 177 94 653 153 94 641 155 94 642 145 94 637 129 94 629 177 94 653 179 94 654 153 94 641 145 94 637 147 94 638 127 94 628 129 94 629 179 94 654 151 94 640 153 94 641 147 94 638 127 94 628 179 94 654 181 94 655 125 94 627 127 94 628 181 94 655 149 94 639 151 94 640 147 94 638 125 94 627 181 94 655 183 94 656 123 94 626 125 94 627 183 94 656 123 94 626 183 94 656 185 94 657 121 94 625 123 94 626 185 94 657 119 94 624 121 94 625 185 94 657 119 94 624 185 94 657 187 94 658 119 94 624 187 94 658 189 94 659 117 94 623 119 94 624 189 94 659 117 94 623 189 94 659 191 94 660 115 94 622 117 94 623 191 94 660 115 94 622 191 94 660 193 94 661 113 94 621 115 94 622 193 94 661 225 94 677 89 94 609 91 94 610 223 94 676 225 94 677 91 94 610 113 94 621 193 94 661 195 94 662 111 94 620 113 94 621 195 94 662 223 94 676 91 94 610 93 94 611 109 94 619 111 94 620 195 94 662 221 94 675 223 94 676 93 94 611 109 94 619 195 94 662 197 94 663 221 94 675 93 94 611 95 94 612 107 94 618 109 94 619 197 94 663 221 94 675 95 94 612 97 94 613 105 94 617 107 94 618 197 94 663 219 94 674 221 94 675 97 94 613 219 94 674 97 94 613 99 94 614 103 94 616 105 94 617 197 94 663 103 94 616 197 94 663 199 94 664 219 94 674 99 94 614 101 94 615 101 94 615 103 94 616 199 94 664 217 94 673 219 94 674 101 94 615 217 94 673 101 94 615 199 94 664 217 94 673 199 94 664 201 94 665 215 94 672 217 94 673 201 94 665 215 94 672 201 94 665 203 94 666 213 94 671 215 94 672 203 94 666 213 94 671 203 94 666 205 94 667 211 94 670 213 94 671 205 94 667 211 94 670 205 94 667 207 94 668 209 94 669 211 94 670 207 94 668</p>
        </triangles>
        <triangles material="Material8" count="296">
          <input semantic="VERTEX" source="#Geometry2-vertices" offset="0"/>
          <input semantic="NORMAL" source="#Geometry2-normal" offset="1"/>
          <input semantic="TEXCOORD" source="#Geometry2-texcoord" offset="2"/>
          <p>226 95 678 228 95 679 229 95 680 226 95 678 229 95 680 227 95 681 228 96 682 230 96 683 231 96 684 228 96 682 231 96 684 229 96 685 230 97 686 232 97 687 233 97 688 230 97 686 233 97 688 231 97 689 232 98 690 234 98 691 235 98 692 232 98 690 235 98 692 233 98 693 234 99 694 236 99 695 237 99 696 234 99 694 237 99 696 235 99 697 236 100 698 238 100 699 239 100 700 236 100 698 239 100 700 237 100 701 238 101 702 240 101 703 241 101 704 238 101 702 241 101 704 239 101 705 240 102 706 242 102 707 243 102 708 240 102 706 243 102 708 241 102 709 242 103 710 244 103 711 245 103 712 242 103 710 245 103 712 243 103 713 244 104 714 246 104 715 247 104 716 244 104 714 247 104 716 245 104 717 246 105 718 248 105 719 249 105 720 246 105 718 249 105 720 247 105 721 248 106 722 250 106 723 251 106 724 248 106 722 251 106 724 249 106 725 250 107 726 252 107 727 253 107 728 250 107 726 253 107 728 251 107 729 252 108 730 254 108 731 255 108 732 252 108 730 255 108 732 253 108 733 254 109 734 256 109 735 257 109 736 254 109 734 257 109 736 255 109 737 256 110 738 258 110 739 259 110 740 256 110 738 259 110 740 257 110 741 258 111 742 260 111 743 261 111 744 258 111 742 261 111 744 259 111 745 260 112 746 262 112 747 263 112 748 260 112 746 263 112 748 261 112 749 262 113 750 264 113 751 265 113 752 262 113 750 265 113 752 263 113 753 264 114 754 266 114 755 267 114 756 264 114 754 267 114 756 265 114 757 266 115 758 268 115 759 269 115 760 266 115 758 269 115 760 267 115 761 268 116 762 270 116 763 271 116 764 268 116 762 271 116 764 269 116 765 270 117 766 272 117 767 273 117 768 270 117 766 273 117 768 271 117 769 272 118 770 274 118 771 275 118 772 272 118 770 275 118 772 273 118 773 274 119 774 276 119 775 277 119 776 274 119 774 277 119 776 275 119 777 276 120 778 278 120 779 279 120 780 276 120 778 279 120 780 277 120 781 278 121 782 280 121 783 281 121 784 278 121 782 281 121 784 279 121 785 280 122 786 282 122 787 283 122 788 280 122 786 283 122 788 281 122 789 282 123 790 284 123 791 285 123 792 282 123 790 285 123 792 283 123 793 284 124 794 286 124 795 287 124 796 284 124 794 287 124 796 285 124 797 286 125 798 288 125 799 289 125 800 286 125 798 289 125 800 287 125 801 288 126 802 290 126 803 291 126 804 288 126 802 291 126 804 289 126 805 290 127 806 292 127 807 293 127 808 290 127 806 293 127 808 291 127 809 292 128 810 294 128 811 295 128 812 292 128 810 295 128 812 293 128 813 294 129 814 296 129 815 297 129 816 294 129 814 297 129 816 295 129 817 296 130 818 298 130 819 299 130 820 296 130 818 299 130 820 297 130 821 298 131 822 300 131 823 301 131 824 298 131 822 301 131 824 299 131 825 300 132 826 302 132 827 303 132 828 300 132 826 303 132 828 301 132 829 302 133 830 304 133 831 305 133 832 302 133 830 305 133 832 303 133 833 304 134 834 306 134 835 307 134 836 304 134 834 307 134 836 305 134 837 306 135 838 226 135 839 227 135 840 306 135 838 227 135 840 307 135 841 308 136 842 310 136 843 311 136 844 308 136 842 311 136 844 309 136 845 310 137 846 312 137 847 313 137 848 310 137 846 313 137 848 311 137 849 312 138 850 314 138 851 315 138 852 312 138 850 315 138 852 313 138 853 314 139 854 316 139 855 317 139 856 314 139 854 317 139 856 315 139 857 316 140 858 318 140 859 319 140 860 316 140 858 319 140 860 317 140 861 318 141 862 320 141 863 321 141 864 318 141 862 321 141 864 319 141 865 320 142 866 322 142 867 323 142 868 320 142 866 323 142 868 321 142 869 322 143 870 324 143 871 325 143 872 322 143 870 325 143 872 323 143 873 324 144 874 326 144 875 327 144 876 324 144 874 327 144 876 325 144 877 326 145 878 328 145 879 329 145 880 326 145 878 329 145 880 327 145 881 328 146 882 330 146 883 331 146 884 328 146 882 331 146 884 329 146 885 330 147 886 332 147 887 333 147 888 330 147 886 333 147 888 331 147 889 332 148 890 334 148 891 335 148 892 332 148 890 335 148 892 333 148 893 334 149 894 336 149 895 337 149 896 334 149 894 337 149 896 335 149 897 336 150 898 338 150 899 339 150 900 336 150 898 339 150 900 337 150 901 338 151 902 340 151 903 341 151 904 338 151 902 341 151 904 339 151 905 340 152 906 342 152 907 343 152 908 340 152 906 343 152 908 341 152 909 342 153 910 344 153 911 345 153 912 342 153 910 345 153 912 343 153 913 344 154 914 346 154 915 347 154 916 344 154 914 347 154 916 345 154 917 346 155 918 348 155 919 349 155 920 346 155 918 349 155 920 347 155 921 348 156 922 350 156 923 351 156 924 348 156 922 351 156 924 349 156 925 350 157 926 352 157 927 353 157 928 350 157 926 353 157 928 351 157 929 352 158 930 354 158 931 355 158 932 352 158 930 355 158 932 353 158 933 354 159 934 356 159 935 357 159 936 354 159 934 357 159 936 355 159 937 356 160 938 358 160 939 359 160 940 356 160 938 359 160 940 357 160 941 358 161 942 360 161 943 361 161 944 358 161 942 361 161 944 359 161 945 360 162 946 362 162 947 363 162 948 360 162 946 363 162 948 361 162 949 362 163 950 364 163 951 365 163 952 362 163 950 365 163 952 363 163 953 364 164 954 366 164 955 367 164 956 364 164 954 367 164 956 365 164 957 366 165 958 368 165 959 369 165 960 366 165 958 369 165 960 367 165 961 368 166 962 370 166 963 371 166 964 368 166 962 371 166 964 369 166 965 370 167 966 372 167 967 373 167 968 370 167 966 373 167 968 371 167 969 372 168 970 308 168 971 309 168 972 372 168 970 309 168 972 373 168 973 292 169 982 290 169 983 288 169 984 292 169 982 288 169 984 286 169 985 294 169 981 292 169 982 286 169 985 294 169 981 286 169 985 284 169 986 294 169 981 284 169 986 282 169 987 296 169 980 294 169 981 282 169 987 324 169 1040 296 169 980 282 169 987 324 169 1040 282 169 987 280 169 988 326 169 1039 324 169 1040 280 169 988 296 169 980 324 169 1040 322 169 1041 328 169 1038 326 169 1039 280 169 988 296 169 980 322 169 1041 320 169 1042 298 169 979 296 169 980 320 169 1042 330 169 1037 328 169 1038 280 169 988 298 169 979 320 169 1042 318 169 1043 330 169 1037 280 169 988 278 169 989 300 169 978 298 169 979 318 169 1043 332 169 1036 330 169 1037 278 169 989 300 169 978 318 169 1043 316 169 1044 334 169 1035 332 169 1036 278 169 989 334 169 1035 278 169 989 276 169 990 300 169 978 316 169 1044 314 169 1045 302 169 977 300 169 978 314 169 1045 336 169 1034 334 169 1035 276 169 990 336 169 1034 276 169 990 274 169 991 302 169 977 314 169 1045 312 169 1046 304 169 976 302 169 977 312 169 1046 338 169 1033 336 169 1034 274 169 991 338 169 1033 274 169 991 272 169 992 304 169 976 312 169 1046 310 169 1047 306 169 975 304 169 976 310 169 1047 340 169 1032 338 169 1033 272 169 992 340 169 1032 272 169 992 270 169 993 342 169 1031 340 169 1032 270 169 993 342 169 1031 270 169 993 268 169 994 226 169 974 306 169 975 310 169 1047 226 169 974 310 169 1047 308 169 1015 342 169 1031 268 169 994 266 169 995 228 169 1014 226 169 974 308 169 1015 344 169 1030 342 169 1031 266 169 995 228 169 1014 308 169 1015 372 169 1016 230 169 1013 228 169 1014 372 169 1016 344 169 1030 266 169 995 264 169 996 346 169 1029 344 169 1030 264 169 996 230 169 1013 372 169 1016 370 169 1017 232 169 1012 230 169 1013 370 169 1017 346 169 1029 264 169 996 262 169 997 348 169 1028 346 169 1029 262 169 997 232 169 1012 370 169 1017 368 169 1018 234 169 1011 232 169 1012 368 169 1018 348 169 1028 262 169 997 260 169 998 350 169 1027 348 169 1028 260 169 998 234 169 1011 368 169 1018 366 169 1019 236 169 1010 234 169 1011 366 169 1019 352 169 1026 350 169 1027 260 169 998 236 169 1010 366 169 1019 364 169 1020 352 169 1026 260 169 998 258 169 999 354 169 1025 352 169 1026 258 169 999 236 169 1010 364 169 1020 362 169 1021 356 169 1024 354 169 1025 258 169 999 236 169 1010 362 169 1021 360 169 1022 238 169 1009 236 169 1010 360 169 1022 238 169 1009 360 169 1022 358 169 1023 356 169 1024 258 169 999 256 169 1000 358 169 1023 356 169 1024 256 169 1000 240 169 1008 238 169 1009 358 169 1023 240 169 1008 358 169 1023 256 169 1000 240 169 1008 256 169 1000 254 169 1001 242 169 1007 240 169 1008 254 169 1001 242 169 1007 254 169 1001 252 169 1002 244 169 1006 242 169 1007 252 169 1002 244 169 1006 252 169 1002 250 169 1003 246 169 1005 244 169 1006 250 169 1003 248 169 1004 246 169 1005 250 169 1003 289 170 1079 291 170 1080 293 170 1081 287 170 1078 289 170 1079 293 170 1081 287 170 1078 293 170 1081 295 170 1082 285 170 1077 287 170 1078 295 170 1082 283 170 1076 285 170 1077 295 170 1082 283 170 1076 295 170 1082 297 170 1083 283 170 1076 297 170 1083 325 170 1097 281 170 1075 283 170 1076 325 170 1097 281 170 1075 325 170 1097 327 170 1098 323 170 1096 325 170 1097 297 170 1083 281 170 1075 327 170 1098 329 170 1099 321 170 1095 323 170 1096 297 170 1083 321 170 1095 297 170 1083 299 170 1084 281 170 1075 329 170 1099 331 170 1100 319 170 1094 321 170 1095 299 170 1084 279 170 1074 281 170 1075 331 170 1100 319 170 1094 299 170 1084 301 170 1085 279 170 1074 331 170 1100 333 170 1101 317 170 1093 319 170 1094 301 170 1085 279 170 1074 333 170 1101 335 170 1102 277 170 1073 279 170 1074 335 170 1102 315 170 1092 317 170 1093 301 170 1085 315 170 1092 301 170 1085 303 170 1086 277 170 1073 335 170 1102 337 170 1103 275 170 1072 277 170 1073 337 170 1103 313 170 1091 315 170 1092 303 170 1086 313 170 1091 303 170 1086 305 170 1087 275 170 1072 337 170 1103 339 170 1104 273 170 1071 275 170 1072 339 170 1104 311 170 1090 313 170 1091 305 170 1087 311 170 1090 305 170 1087 307 170 1088 273 170 1071 339 170 1104 341 170 1105 271 170 1070 273 170 1071 341 170 1105 271 170 1070 341 170 1105 343 170 1106 269 170 1069 271 170 1070 343 170 1106 311 170 1090 307 170 1088 227 170 1048 309 170 1089 311 170 1090 227 170 1048 267 170 1068 269 170 1069 343 170 1106 309 170 1089 227 170 1048 229 170 1049 267 170 1068 343 170 1106 345 170 1107 373 170 1121 309 170 1089 229 170 1049 373 170 1121 229 170 1049 231 170 1050 265 170 1067 267 170 1068 345 170 1107 265 170 1067 345 170 1107 347 170 1108 371 170 1120 373 170 1121 231 170 1050 371 170 1120 231 170 1050 233 170 1051 263 170 1066 265 170 1067 347 170 1108 263 170 1066 347 170 1108 349 170 1109 369 170 1119 371 170 1120 233 170 1051 369 170 1119 233 170 1051 235 170 1052 261 170 1065 263 170 1066 349 170 1109 261 170 1065 349 170 1109 351 170 1110 367 170 1118 369 170 1119 235 170 1052 367 170 1118 235 170 1052 237 170 1053 261 170 1065 351 170 1110 353 170 1111 365 170 1117 367 170 1118 237 170 1053 259 170 1064 261 170 1065 353 170 1111 259 170 1064 353 170 1111 355 170 1112 363 170 1116 365 170 1117 237 170 1053 259 170 1064 355 170 1112 357 170 1113 361 170 1115 363 170 1116 237 170 1053 361 170 1115 237 170 1053 239 170 1054 359 170 1114 361 170 1115 239 170 1054 257 170 1063 259 170 1064 357 170 1113 257 170 1063 357 170 1113 359 170 1114 359 170 1114 239 170 1054 241 170 1055 257 170 1063 359 170 1114 241 170 1055 255 170 1062 257 170 1063 241 170 1055 255 170 1062 241 170 1055 243 170 1056 253 170 1061 255 170 1062 243 170 1056 253 170 1061 243 170 1056 245 170 1057 251 170 1060 253 170 1061 245 170 1057 251 170 1060 245 170 1057 247 170 1058 249 170 1059 251 170 1060 247 170 1058</p>
        </triangles>
        <triangles material="Material8" count="36">
          <input semantic="VERTEX" source="#Geometry2-vertices" offset="0"/>
          <input semantic="NORMAL" source="#Geometry2-normal" offset="1"/>
          <input semantic="TEXCOORD" source="#Geometry2-texcoord" offset="2"/>
          <p>374 171 1122 376 171 1123 377 171 1124 374 171 1122 377 171 1124 375 171 1125 376 172 1126 378 172 1127 379 172 1128 376 172 1126 379 172 1128 377 172 1129 378 173 1130 380 173 1131 381 173 1132 378 173 1130 381 173 1132 379 173 1133 380 171 1134 382 171 1135 383 171 1136 380 171 1134 383 171 1136 381 171 1137 382 172 1138 384 172 1139 385 172 1140 382 172 1138 385 172 1140 383 172 1141 384 174 1142 386 174 1143 387 174 1144 384 174 1142 387 174 1144 385 174 1145 386 175 1146 388 175 1147 389 175 1148 386 175 1146 389 175 1148 387 175 1149 388 176 1150 390 176 1151 391 176 1152 388 176 1150 391 176 1152 389 176 1153 390 174 1154 392 174 1155 393 174 1156 390 174 1154 393 174 1156 391 174 1157 392 175 1158 374 175 1159 375 175 1160 392 175 1158 375 175 1160 393 175 1161 378 177 1170 392 177 1163 390 177 1164 378 177 1170 390 177 1164 388 177 1165 388 177 1165 386 177 1166 384 177 1167 374 177 1162 392 177 1163 378 177 1170 374 177 1162 378 177 1170 376 177 1171 380 177 1169 378 177 1170 388 177 1165 380 177 1169 388 177 1165 382 177 1168 382 177 1168 388 177 1165 384 177 1167 379 178 1174 391 178 1180 393 178 1181 385 178 1177 387 178 1178 389 178 1179 389 178 1179 391 178 1180 379 178 1174 383 178 1176 385 178 1177 389 178 1179 383 178 1176 389 178 1179 381 178 1175 381 178 1175 389 178 1179 379 178 1174 377 178 1173 379 178 1174 375 178 1172 375 178 1172 379 178 1174 393 178 1181</p>
        </triangles>
        <triangles material="Material8" count="36">
          <input semantic="VERTEX" source="#Geometry2-vertices" offset="0"/>
          <input semantic="NORMAL" source="#Geometry2-normal" offset="1"/>
          <input semantic="TEXCOORD" source="#Geometry2-texcoord" offset="2"/>
          <p>394 179 1182 396 179 1183 397 179 1184 394 179 1182 397 179 1184 395 179 1185 396 180 1186 398 180 1187 399 180 1188 396 180 1186 399 180 1188 397 180 1189 398 181 1190 400 181 1191 401 181 1192 398 181 1190 401 181 1192 399 181 1193 400 179 1194 402 179 1195 403 179 1196 400 179 1194 403 179 1196 401 179 1197 402 180 1198 404 180 1199 405 180 1200 402 180 1198 405 180 1200 403 180 1201 404 182 1202 406 182 1203 407 182 1204 404 182 1202 407 182 1204 405 182 1205 406 183 1206 408 183 1207 409 183 1208 406 183 1206 409 183 1208 407 183 1209 408 184 1210 410 184 1211 411 184 1212 408 184 1210 411 184 1212 409 184 1213 410 182 1214 412 182 1215 413 182 1216 410 182 1214 413 182 1216 411 182 1217 412 183 1218 394 183 1219 395 183 1220 412 183 1218 395 183 1220 413 183 1221 398 185 1230 412 185 1223 410 185 1224 398 185 1230 410 185 1224 408 185 1225 408 185 1225 406 185 1226 404 185 1227 394 185 1222 412 185 1223 398 185 1230 394 185 1222 398 185 1230 396 185 1231 400 185 1229 398 185 1230 408 185 1225 400 185 1229 408 185 1225 402 185 1228 402 185 1228 408 185 1225 404 185 1227 399 186 1234 411 186 1240 413 186 1241 405 186 1237 407 186 1238 409 186 1239 409 186 1239 411 186 1240 399 186 1234 403 186 1236 405 186 1237 409 186 1239 403 186 1236 409 186 1239 401 186 1235 401 186 1235 409 186 1239 399 186 1234 397 186 1233 399 186 1234 395 186 1232 395 186 1232 399 186 1234 413 186 1241</p>
        </triangles>
        <triangles material="Material8" count="44">
          <input semantic="VERTEX" source="#Geometry2-vertices" offset="0"/>
          <input semantic="NORMAL" source="#Geometry2-normal" offset="1"/>
          <input semantic="TEXCOORD" source="#Geometry2-texcoord" offset="2"/>
          <p>414 187 1242 416 187 1243 417 187 1244 414 187 1242 417 187 1244 415 187 1245 416 188 1246 418 188 1247 419 188 1248 416 188 1246 419 188 1248 417 188 1249 418 189 1250 420 189 1251 421 189 1252 418 189 1250 421 189 1252 419 189 1253 420 188 1254 422 188 1255 423 188 1256 420 188 1254 423 188 1256 421 188 1257 422 187 1258 424 187 1259 425 187 1260 422 187 1258 425 187 1260 423 187 1261 424 188 1262 426 188 1263 427 188 1264 424 188 1262 427 188 1264 425 188 1265 426 189 1266 428 189 1267 429 189 1268 426 189 1266 429 189 1268 427 189 1269 428 188 1270 430 188 1271 431 188 1272 428 188 1270 431 188 1272 429 188 1273 430 187 1274 432 187 1275 433 187 1276 430 187 1274 433 187 1276 431 187 1277 432 188 1278 434 188 1279 435 188 1280 432 188 1278 435 188 1280 433 188 1281 434 189 1282 436 189 1283 437 189 1284 434 189 1282 437 189 1284 435 189 1285 436 190 1286 414 190 1287 415 190 1288 436 190 1286 415 190 1288 437 190 1289 436 191 1291 434 191 1292 432 191 1293 436 191 1291 432 191 1293 430 191 1294 436 191 1291 430 191 1294 428 191 1295 428 191 1295 426 191 1296 424 191 1297 428 191 1295 424 191 1297 422 191 1298 436 191 1291 428 191 1295 422 191 1298 436 191 1291 422 191 1298 420 191 1299 414 191 1290 436 191 1291 420 191 1299 414 191 1290 420 191 1299 416 191 1301 416 191 1301 420 191 1299 418 191 1300 431 192 1310 433 192 1311 435 192 1312 431 192 1310 435 192 1312 437 192 1313 429 192 1309 431 192 1310 437 192 1313 425 192 1307 427 192 1308 429 192 1309 423 192 1306 425 192 1307 429 192 1309 423 192 1306 429 192 1309 437 192 1313 421 192 1305 423 192 1306 437 192 1313 417 192 1303 419 192 1304 421 192 1305 417 192 1303 421 192 1305 415 192 1302 415 192 1302 421 192 1305 437 192 1313</p>
        </triangles>
        <triangles material="Material8" count="272">
          <input semantic="VERTEX" source="#Geometry2-vertices" offset="0"/>
          <input semantic="NORMAL" source="#Geometry2-normal" offset="1"/>
          <input semantic="TEXCOORD" source="#Geometry2-texcoord" offset="2"/>
          <p>438 193 1314 440 193 1315 441 193 1316 438 193 1314 441 193 1316 439 193 1317 440 194 1318 442 194 1319 443 194 1320 440 194 1318 443 194 1320 441 194 1321 442 195 1322 444 195 1323 445 195 1324 442 195 1322 445 195 1324 443 195 1325 444 196 1326 446 196 1327 447 196 1328 444 196 1326 447 196 1328 445 196 1329 446 197 1330 448 197 1331 449 197 1332 446 197 1330 449 197 1332 447 197 1333 448 198 1334 450 198 1335 451 198 1336 448 198 1334 451 198 1336 449 198 1337 450 199 1338 452 199 1339 453 199 1340 450 199 1338 453 199 1340 451 199 1341 452 200 1342 454 200 1343 455 200 1344 452 200 1342 455 200 1344 453 200 1345 454 201 1346 456 201 1347 457 201 1348 454 201 1346 457 201 1348 455 201 1349 456 202 1350 458 202 1351 459 202 1352 456 202 1350 459 202 1352 457 202 1353 458 203 1354 460 203 1355 461 203 1356 458 203 1354 461 203 1356 459 203 1357 460 204 1358 462 204 1359 463 204 1360 460 204 1358 463 204 1360 461 204 1361 462 205 1362 464 205 1363 465 205 1364 462 205 1362 465 205 1364 463 205 1365 464 206 1366 466 206 1367 467 206 1368 464 206 1366 467 206 1368 465 206 1369 466 207 1370 468 207 1371 469 207 1372 466 207 1370 469 207 1372 467 207 1373 468 208 1374 470 208 1375 471 208 1376 468 208 1374 471 208 1376 469 208 1377 470 209 1378 472 209 1379 473 209 1380 470 209 1378 473 209 1380 471 209 1381 472 210 1382 474 210 1383 475 210 1384 472 210 1382 475 210 1384 473 210 1385 474 211 1386 476 211 1387 477 211 1388 474 211 1386 477 211 1388 475 211 1389 476 212 1390 478 212 1391 479 212 1392 476 212 1390 479 212 1392 477 212 1393 478 213 1394 480 213 1395 481 213 1396 478 213 1394 481 213 1396 479 213 1397 480 214 1398 482 214 1399 483 214 1400 480 214 1398 483 214 1400 481 214 1401 482 215 1402 484 215 1403 485 215 1404 482 215 1402 485 215 1404 483 215 1405 484 216 1406 486 216 1407 487 216 1408 484 216 1406 487 216 1408 485 216 1409 486 217 1410 488 217 1411 489 217 1412 486 217 1410 489 217 1412 487 217 1413 488 218 1414 490 218 1415 491 218 1416 488 218 1414 491 218 1416 489 218 1417 490 219 1418 492 219 1419 493 219 1420 490 219 1418 493 219 1420 491 219 1421 492 220 1422 494 220 1423 495 220 1424 492 220 1422 495 220 1424 493 220 1425 494 221 1426 496 221 1427 497 221 1428 494 221 1426 497 221 1428 495 221 1429 496 222 1430 498 222 1431 499 222 1432 496 222 1430 499 222 1432 497 222 1433 498 223 1434 500 223 1435 501 223 1436 498 223 1434 501 223 1436 499 223 1437 500 224 1438 502 224 1439 503 224 1440 500 224 1438 503 224 1440 501 224 1441 502 225 1442 504 225 1443 505 225 1444 502 225 1442 505 225 1444 503 225 1445 504 226 1446 506 226 1447 507 226 1448 504 226 1446 507 226 1448 505 226 1449 506 227 1450 508 227 1451 509 227 1452 506 227 1450 509 227 1452 507 227 1453 508 228 1454 510 228 1455 511 228 1456 508 228 1454 511 228 1456 509 228 1457 510 229 1458 512 229 1459 513 229 1460 510 229 1458 513 229 1460 511 229 1461 512 230 1462 514 230 1463 515 230 1464 512 230 1462 515 230 1464 513 230 1465 514 231 1466 516 231 1467 517 231 1468 514 231 1466 517 231 1468 515 231 1469 516 232 1470 518 232 1471 519 232 1472 516 232 1470 519 232 1472 517 232 1473 518 233 1474 520 233 1475 521 233 1476 518 233 1474 521 233 1476 519 233 1477 520 234 1478 522 234 1479 523 234 1480 520 234 1478 523 234 1480 521 234 1481 522 235 1482 524 235 1483 525 235 1484 522 235 1482 525 235 1484 523 235 1485 524 236 1486 526 236 1487 527 236 1488 524 236 1486 527 236 1488 525 236 1489 526 237 1490 528 237 1491 529 237 1492 526 237 1490 529 237 1492 527 237 1493 528 238 1494 530 238 1495 531 238 1496 528 238 1494 531 238 1496 529 238 1497 530 239 1498 532 239 1499 533 239 1500 530 239 1498 533 239 1500 531 239 1501 532 240 1502 534 240 1503 535 240 1504 532 240 1502 535 240 1504 533 240 1505 534 241 1506 536 241 1507 537 241 1508 534 241 1506 537 241 1508 535 241 1509 536 242 1510 538 242 1511 539 242 1512 536 242 1510 539 242 1512 537 242 1513 538 243 1514 540 243 1515 541 243 1516 538 243 1514 541 243 1516 539 243 1517 540 244 1518 542 244 1519 543 244 1520 540 244 1518 543 244 1520 541 244 1521 542 245 1522 544 245 1523 545 245 1524 542 245 1522 545 245 1524 543 245 1525 544 246 1526 546 246 1527 547 246 1528 544 246 1526 547 246 1528 545 246 1529 546 247 1530 548 247 1531 549 247 1532 546 247 1530 549 247 1532 547 247 1533 548 248 1534 550 248 1535 551 248 1536 548 248 1534 551 248 1536 549 248 1537 550 249 1538 552 249 1539 553 249 1540 550 249 1538 553 249 1540 551 249 1541 552 250 1542 554 250 1543 555 250 1544 552 250 1542 555 250 1544 553 250 1545 554 251 1546 556 251 1547 557 251 1548 554 251 1546 557 251 1548 555 251 1549 556 252 1550 558 252 1551 559 252 1552 556 252 1550 559 252 1552 557 252 1553 558 253 1554 560 253 1555 561 253 1556 558 253 1554 561 253 1556 559 253 1557 560 254 1558 562 254 1559 563 254 1560 560 254 1558 563 254 1560 561 254 1561 562 255 1562 564 255 1563 565 255 1564 562 255 1562 565 255 1564 563 255 1565 564 256 1566 566 256 1567 567 256 1568 564 256 1566 567 256 1568 565 256 1569 566 257 1570 568 257 1571 569 257 1572 566 257 1570 569 257 1572 567 257 1573 568 258 1574 570 258 1575 571 258 1576 568 258 1574 571 258 1576 569 258 1577 570 259 1578 572 259 1579 573 259 1580 570 259 1578 573 259 1580 571 259 1581 572 260 1582 574 260 1583 575 260 1584 572 260 1582 575 260 1584 573 260 1585 574 261 1586 438 261 1587 439 261 1588 574 261 1586 439 261 1588 575 261 1589 518 262 1619 516 262 1620 514 262 1621 518 262 1619 514 262 1621 512 262 1622 520 262 1618 518 262 1619 512 262 1622 520 262 1618 512 262 1622 510 262 1623 522 262 1617 520 262 1618 510 262 1623 522 262 1617 510 262 1623 508 262 1624 524 262 1616 522 262 1617 508 262 1624 486 262 1635 524 262 1616 508 262 1624 486 262 1635 508 262 1624 506 262 1625 488 262 1634 486 262 1635 506 262 1625 524 262 1616 486 262 1635 484 262 1636 490 262 1633 488 262 1634 506 262 1625 524 262 1616 484 262 1636 482 262 1637 492 262 1632 490 262 1633 506 262 1625 526 262 1615 524 262 1616 482 262 1637 492 262 1632 506 262 1625 504 262 1626 526 262 1615 482 262 1637 480 262 1638 494 262 1631 492 262 1632 504 262 1626 526 262 1615 480 262 1638 478 262 1639 494 262 1631 504 262 1626 502 262 1627 528 262 1614 526 262 1615 478 262 1639 496 262 1630 494 262 1631 502 262 1627 528 262 1614 478 262 1639 476 262 1640 496 262 1630 502 262 1627 500 262 1628 530 262 1613 528 262 1614 476 262 1640 530 262 1613 476 262 1640 474 262 1641 498 262 1629 496 262 1630 500 262 1628 532 262 1612 530 262 1613 474 262 1641 532 262 1612 474 262 1641 472 262 1642 534 262 1611 532 262 1612 472 262 1642 534 262 1611 472 262 1642 470 262 1643 534 262 1611 470 262 1643 468 262 1644 536 262 1610 534 262 1611 468 262 1644 538 262 1609 536 262 1610 468 262 1644 538 262 1609 468 262 1644 466 262 1645 540 262 1608 538 262 1609 466 262 1645 540 262 1608 466 262 1645 464 262 1646 542 262 1607 540 262 1608 464 262 1646 542 262 1607 464 262 1646 462 262 1647 440 262 1658 438 262 1590 574 262 1591 440 262 1658 574 262 1591 572 262 1592 544 262 1606 542 262 1607 462 262 1647 544 262 1606 462 262 1647 460 262 1648 442 262 1657 440 262 1658 572 262 1592 544 262 1606 460 262 1648 458 262 1649 442 262 1657 572 262 1592 570 262 1593 546 262 1605 544 262 1606 458 262 1649 444 262 1656 442 262 1657 570 262 1593 546 262 1605 458 262 1649 456 262 1650 446 262 1655 444 262 1656 570 262 1593 546 262 1605 456 262 1650 454 262 1651 446 262 1655 570 262 1593 568 262 1594 448 262 1654 446 262 1655 568 262 1594 546 262 1605 454 262 1651 452 262 1652 548 262 1604 546 262 1605 452 262 1652 548 262 1604 452 262 1652 450 262 1653 450 262 1653 448 262 1654 568 262 1594 450 262 1653 568 262 1594 566 262 1595 548 262 1604 450 262 1653 566 262 1595 550 262 1603 548 262 1604 566 262 1595 550 262 1603 566 262 1595 564 262 1596 552 262 1602 550 262 1603 564 262 1596 552 262 1602 564 262 1596 562 262 1597 554 262 1601 552 262 1602 562 262 1597 554 262 1601 562 262 1597 560 262 1598 556 262 1600 554 262 1601 560 262 1598 558 262 1599 556 262 1600 560 262 1598 515 263 1697 517 263 1698 519 263 1699 513 263 1696 515 263 1697 519 263 1699 513 263 1696 519 263 1699 521 263 1700 511 263 1695 513 263 1696 521 263 1700 511 263 1695 521 263 1700 523 263 1701 509 263 1694 511 263 1695 523 263 1701 509 263 1694 523 263 1701 525 263 1702 509 263 1694 525 263 1702 487 263 1683 507 263 1693 509 263 1694 487 263 1683 507 263 1693 487 263 1683 489 263 1684 485 263 1682 487 263 1683 525 263 1702 507 263 1693 489 263 1684 491 263 1685 483 263 1681 485 263 1682 525 263 1702 507 263 1693 491 263 1685 493 263 1686 483 263 1681 525 263 1702 527 263 1703 505 263 1692 507 263 1693 493 263 1686 481 263 1680 483 263 1681 527 263 1703 505 263 1692 493 263 1686 495 263 1687 479 263 1679 481 263 1680 527 263 1703 503 263 1691 505 263 1692 495 263 1687 479 263 1679 527 263 1703 529 263 1704 503 263 1691 495 263 1687 497 263 1688 477 263 1678 479 263 1679 529 263 1704 501 263 1690 503 263 1691 497 263 1688 477 263 1678 529 263 1704 531 263 1705 475 263 1677 477 263 1678 531 263 1705 499 263 1689 501 263 1690 497 263 1688 475 263 1677 531 263 1705 533 263 1706 473 263 1676 475 263 1677 533 263 1706 473 263 1676 533 263 1706 535 263 1707 471 263 1675 473 263 1676 535 263 1707 469 263 1674 471 263 1675 535 263 1707 469 263 1674 535 263 1707 537 263 1708 469 263 1674 537 263 1708 539 263 1709 467 263 1673 469 263 1674 539 263 1709 467 263 1673 539 263 1709 541 263 1710 465 263 1672 467 263 1673 541 263 1710 465 263 1672 541 263 1710 543 263 1711 463 263 1671 465 263 1672 543 263 1711 575 263 1727 439 263 1659 441 263 1660 573 263 1726 575 263 1727 441 263 1660 463 263 1671 543 263 1711 545 263 1712 461 263 1670 463 263 1671 545 263 1712 573 263 1726 441 263 1660 443 263 1661 459 263 1669 461 263 1670 545 263 1712 571 263 1725 573 263 1726 443 263 1661 459 263 1669 545 263 1712 547 263 1713 571 263 1725 443 263 1661 445 263 1662 457 263 1668 459 263 1669 547 263 1713 571 263 1725 445 263 1662 447 263 1663 455 263 1667 457 263 1668 547 263 1713 569 263 1724 571 263 1725 447 263 1663 569 263 1724 447 263 1663 449 263 1664 453 263 1666 455 263 1667 547 263 1713 453 263 1666 547 263 1713 549 263 1714 569 263 1724 449 263 1664 451 263 1665 451 263 1665 453 263 1666 549 263 1714 567 263 1723 569 263 1724 451 263 1665 567 263 1723 451 263 1665 549 263 1714 567 263 1723 549 263 1714 551 263 1715 565 263 1722 567 263 1723 551 263 1715 565 263 1722 551 263 1715 553 263 1716 563 263 1721 565 263 1722 553 263 1716 563 263 1721 553 263 1716 555 263 1717 561 263 1720 563 263 1721 555 263 1717 561 263 1720 555 263 1717 557 263 1718 559 263 1719 561 263 1720 557 263 1718</p>
        </triangles>
        <triangles material="Material8" count="26">
          <input semantic="VERTEX" source="#Geometry2-vertices" offset="0"/>
          <input semantic="NORMAL" source="#Geometry2-normal" offset="1"/>
          <input semantic="TEXCOORD" source="#Geometry2-texcoord" offset="2"/>
          <p>576 264 1728 578 264 1729 579 264 1730 576 264 1728 579 264 1730 577 264 1731 578 265 1732 580 265 1733 581 265 1734 578 265 1732 581 265 1734 579 265 1735 580 264 1736 582 264 1737 583 264 1738 580 264 1736 583 264 1738 581 264 1739 582 265 1740 584 265 1741 585 265 1742 582 265 1740 585 265 1742 583 265 1743 584 266 1744 586 266 1745 587 266 1746 584 266 1744 587 266 1746 585 266 1747 586 267 1748 588 267 1749 589 267 1750 586 267 1748 589 267 1750 587 267 1751 588 264 1752 590 264 1753 591 264 1754 588 264 1752 591 264 1754 589 264 1755 590 267 1756 576 267 1757 577 267 1758 590 267 1756 577 267 1758 591 267 1759 590 268 1761 588 268 1762 586 268 1763 590 268 1761 586 268 1763 584 268 1764 590 268 1761 584 268 1764 582 268 1765 576 268 1760 590 268 1761 580 268 1766 576 268 1760 580 268 1766 578 268 1767 581 269 1770 583 269 1771 585 269 1772 581 269 1770 585 269 1772 587 269 1773 581 269 1770 587 269 1773 589 269 1774 579 269 1769 581 269 1770 591 269 1775 579 269 1769 591 269 1775 577 269 1768</p>
        </triangles>
        <triangles material="Material8" count="12">
          <input semantic="VERTEX" source="#Geometry2-vertices" offset="0"/>
          <input semantic="NORMAL" source="#Geometry2-normal" offset="1"/>
          <input semantic="TEXCOORD" source="#Geometry2-texcoord" offset="2"/>
          <p>592 270 1776 594 270 1777 595 270 1778 592 270 1776 595 270 1778 593 270 1779 594 271 1780 596 271 1781 597 271 1782 594 271 1780 597 271 1782 595 271 1783 596 272 1784 598 272 1785 599 272 1786 596 272 1784 599 272 1786 597 272 1787 598 273 1788 592 273 1789 593 273 1790 598 273 1788 593 273 1790 599 273 1791 592 274 1792 598 274 1793 596 274 1794 592 274 1792 596 274 1794 594 274 1795 593 275 1796 595 275 1797 597 275 1798 593 275 1796 597 275 1798 599 275 1799</p>
        </triangles>
        <triangles material="Material8" count="296">
          <input semantic="VERTEX" source="#Geometry2-vertices" offset="0"/>
          <input semantic="NORMAL" source="#Geometry2-normal" offset="1"/>
          <input semantic="TEXCOORD" source="#Geometry2-texcoord" offset="2"/>
          <p>600 276 1800 602 276 1801 603 276 1802 600 276 1800 603 276 1802 601 276 1803 602 277 1804 604 277 1805 605 277 1806 602 277 1804 605 277 1806 603 277 1807 604 278 1808 606 278 1809 607 278 1810 604 278 1808 607 278 1810 605 278 1811 606 279 1812 608 279 1813 609 279 1814 606 279 1812 609 279 1814 607 279 1815 608 280 1816 610 280 1817 611 280 1818 608 280 1816 611 280 1818 609 280 1819 610 281 1820 612 281 1821 613 281 1822 610 281 1820 613 281 1822 611 281 1823 612 282 1824 614 282 1825 615 282 1826 612 282 1824 615 282 1826 613 282 1827 614 283 1828 616 283 1829 617 283 1830 614 283 1828 617 283 1830 615 283 1831 616 284 1832 618 284 1833 619 284 1834 616 284 1832 619 284 1834 617 284 1835 618 285 1836 620 285 1837 621 285 1838 618 285 1836 621 285 1838 619 285 1839 620 286 1840 622 286 1841 623 286 1842 620 286 1840 623 286 1842 621 286 1843 622 287 1844 624 287 1845 625 287 1846 622 287 1844 625 287 1846 623 287 1847 624 288 1848 626 288 1849 627 288 1850 624 288 1848 627 288 1850 625 288 1851 626 289 1852 628 289 1853 629 289 1854 626 289 1852 629 289 1854 627 289 1855 628 290 1856 630 290 1857 631 290 1858 628 290 1856 631 290 1858 629 290 1859 630 291 1860 632 291 1861 633 291 1862 630 291 1860 633 291 1862 631 291 1863 632 292 1864 634 292 1865 635 292 1866 632 292 1864 635 292 1866 633 292 1867 634 293 1868 636 293 1869 637 293 1870 634 293 1868 637 293 1870 635 293 1871 636 294 1872 638 294 1873 639 294 1874 636 294 1872 639 294 1874 637 294 1875 638 295 1876 640 295 1877 641 295 1878 638 295 1876 641 295 1878 639 295 1879 640 296 1880 642 296 1881 643 296 1882 640 296 1880 643 296 1882 641 296 1883 642 297 1884 644 297 1885 645 297 1886 642 297 1884 645 297 1886 643 297 1887 644 298 1888 646 298 1889 647 298 1890 644 298 1888 647 298 1890 645 298 1891 646 299 1892 648 299 1893 649 299 1894 646 299 1892 649 299 1894 647 299 1895 648 300 1896 650 300 1897 651 300 1898 648 300 1896 651 300 1898 649 300 1899 650 301 1900 652 301 1901 653 301 1902 650 301 1900 653 301 1902 651 301 1903 652 302 1904 654 302 1905 655 302 1906 652 302 1904 655 302 1906 653 302 1907 654 303 1908 656 303 1909 657 303 1910 654 303 1908 657 303 1910 655 303 1911 656 304 1912 658 304 1913 659 304 1914 656 304 1912 659 304 1914 657 304 1915 658 305 1916 660 305 1917 661 305 1918 658 305 1916 661 305 1918 659 305 1919 660 306 1920 662 306 1921 663 306 1922 660 306 1920 663 306 1922 661 306 1923 662 307 1924 664 307 1925 665 307 1926 662 307 1924 665 307 1926 663 307 1927 664 308 1928 666 308 1929 667 308 1930 664 308 1928 667 308 1930 665 308 1931 666 309 1932 668 309 1933 669 309 1934 666 309 1932 669 309 1934 667 309 1935 668 310 1936 670 310 1937 671 310 1938 668 310 1936 671 310 1938 669 310 1939 670 311 1940 672 311 1941 673 311 1942 670 311 1940 673 311 1942 671 311 1943 672 312 1944 674 312 1945 675 312 1946 672 312 1944 675 312 1946 673 312 1947 674 313 1948 676 313 1949 677 313 1950 674 313 1948 677 313 1950 675 313 1951 676 314 1952 678 314 1953 679 314 1954 676 314 1952 679 314 1954 677 314 1955 678 315 1956 680 315 1957 681 315 1958 678 315 1956 681 315 1958 679 315 1959 680 316 1960 600 316 1961 601 316 1962 680 316 1960 601 316 1962 681 316 1963 682 317 1964 684 317 1965 685 317 1966 682 317 1964 685 317 1966 683 317 1967 684 318 1968 686 318 1969 687 318 1970 684 318 1968 687 318 1970 685 318 1971 686 319 1972 688 319 1973 689 319 1974 686 319 1972 689 319 1974 687 319 1975 688 320 1976 690 320 1977 691 320 1978 688 320 1976 691 320 1978 689 320 1979 690 321 1980 692 321 1981 693 321 1982 690 321 1980 693 321 1982 691 321 1983 692 322 1984 694 322 1985 695 322 1986 692 322 1984 695 322 1986 693 322 1987 694 323 1988 696 323 1989 697 323 1990 694 323 1988 697 323 1990 695 323 1991 696 324 1992 698 324 1993 699 324 1994 696 324 1992 699 324 1994 697 324 1995 698 325 1996 700 325 1997 701 325 1998 698 325 1996 701 325 1998 699 325 1999 700 326 2000 702 326 2001 703 326 2002 700 326 2000 703 326 2002 701 326 2003 702 327 2004 704 327 2005 705 327 2006 702 327 2004 705 327 2006 703 327 2007 704 328 2008 706 328 2009 707 328 2010 704 328 2008 707 328 2010 705 328 2011 706 329 2012 708 329 2013 709 329 2014 706 329 2012 709 329 2014 707 329 2015 708 330 2016 710 330 2017 711 330 2018 708 330 2016 711 330 2018 709 330 2019 710 331 2020 712 331 2021 713 331 2022 710 331 2020 713 331 2022 711 331 2023 712 332 2024 714 332 2025 715 332 2026 712 332 2024 715 332 2026 713 332 2027 714 333 2028 716 333 2029 717 333 2030 714 333 2028 717 333 2030 715 333 2031 716 334 2032 718 334 2033 719 334 2034 716 334 2032 719 334 2034 717 334 2035 718 335 2036 720 335 2037 721 335 2038 718 335 2036 721 335 2038 719 335 2039 720 336 2040 722 336 2041 723 336 2042 720 336 2040 723 336 2042 721 336 2043 722 337 2044 724 337 2045 725 337 2046 722 337 2044 725 337 2046 723 337 2047 724 338 2048 726 338 2049 727 338 2050 724 338 2048 727 338 2050 725 338 2051 726 339 2052 728 339 2053 729 339 2054 726 339 2052 729 339 2054 727 339 2055 728 340 2056 730 340 2057 731 340 2058 728 340 2056 731 340 2058 729 340 2059 730 341 2060 732 341 2061 733 341 2062 730 341 2060 733 341 2062 731 341 2063 732 342 2064 734 342 2065 735 342 2066 732 342 2064 735 342 2066 733 342 2067 734 343 2068 736 343 2069 737 343 2070 734 343 2068 737 343 2070 735 343 2071 736 344 2072 738 344 2073 739 344 2074 736 344 2072 739 344 2074 737 344 2075 738 345 2076 740 345 2077 741 345 2078 738 345 2076 741 345 2078 739 345 2079 740 346 2080 742 346 2081 743 346 2082 740 346 2080 743 346 2082 741 346 2083 742 347 2084 744 347 2085 745 347 2086 742 347 2084 745 347 2086 743 347 2087 744 348 2088 746 348 2089 747 348 2090 744 348 2088 747 348 2090 745 348 2091 746 349 2092 682 349 2093 683 349 2094 746 349 2092 683 349 2094 747 349 2095 666 350 2104 664 350 2105 662 350 2106 666 350 2104 662 350 2106 660 350 2107 668 350 2103 666 350 2104 660 350 2107 668 350 2103 660 350 2107 658 350 2108 668 350 2103 658 350 2108 656 350 2109 670 350 2102 668 350 2103 656 350 2109 698 350 2162 670 350 2102 656 350 2109 698 350 2162 656 350 2109 654 350 2110 700 350 2161 698 350 2162 654 350 2110 670 350 2102 698 350 2162 696 350 2163 702 350 2160 700 350 2161 654 350 2110 670 350 2102 696 350 2163 694 350 2164 672 350 2101 670 350 2102 694 350 2164 704 350 2159 702 350 2160 654 350 2110 672 350 2101 694 350 2164 692 350 2165 704 350 2159 654 350 2110 652 350 2111 674 350 2100 672 350 2101 692 350 2165 706 350 2158 704 350 2159 652 350 2111 674 350 2100 692 350 2165 690 350 2166 708 350 2157 706 350 2158 652 350 2111 708 350 2157 652 350 2111 650 350 2112 674 350 2100 690 350 2166 688 350 2167 676 350 2099 674 350 2100 688 350 2167 710 350 2156 708 350 2157 650 350 2112 710 350 2156 650 350 2112 648 350 2113 676 350 2099 688 350 2167 686 350 2168 678 350 2098 676 350 2099 686 350 2168 712 350 2155 710 350 2156 648 350 2113 712 350 2155 648 350 2113 646 350 2114 678 350 2098 686 350 2168 684 350 2169 680 350 2097 678 350 2098 684 350 2169 714 350 2154 712 350 2155 646 350 2114 714 350 2154 646 350 2114 644 350 2115 716 350 2153 714 350 2154 644 350 2115 716 350 2153 644 350 2115 642 350 2116 600 350 2096 680 350 2097 684 350 2169 600 350 2096 684 350 2169 682 350 2137 716 350 2153 642 350 2116 640 350 2117 602 350 2136 600 350 2096 682 350 2137 718 350 2152 716 350 2153 640 350 2117 602 350 2136 682 350 2137 746 350 2138 604 350 2135 602 350 2136 746 350 2138 718 350 2152 640 350 2117 638 350 2118 720 350 2151 718 350 2152 638 350 2118 604 350 2135 746 350 2138 744 350 2139 606 350 2134 604 350 2135 744 350 2139 720 350 2151 638 350 2118 636 350 2119 722 350 2150 720 350 2151 636 350 2119 606 350 2134 744 350 2139 742 350 2140 608 350 2133 606 350 2134 742 350 2140 722 350 2150 636 350 2119 634 350 2120 724 350 2149 722 350 2150 634 350 2120 608 350 2133 742 350 2140 740 350 2141 610 350 2132 608 350 2133 740 350 2141 726 350 2148 724 350 2149 634 350 2120 610 350 2132 740 350 2141 738 350 2142 726 350 2148 634 350 2120 632 350 2121 728 350 2147 726 350 2148 632 350 2121 610 350 2132 738 350 2142 736 350 2143 730 350 2146 728 350 2147 632 350 2121 610 350 2132 736 350 2143 734 350 2144 612 350 2131 610 350 2132 734 350 2144 612 350 2131 734 350 2144 732 350 2145 730 350 2146 632 350 2121 630 350 2122 732 350 2145 730 350 2146 630 350 2122 614 350 2130 612 350 2131 732 350 2145 614 350 2130 732 350 2145 630 350 2122 614 350 2130 630 350 2122 628 350 2123 616 350 2129 614 350 2130 628 350 2123 616 350 2129 628 350 2123 626 350 2124 618 350 2128 616 350 2129 626 350 2124 618 350 2128 626 350 2124 624 350 2125 620 350 2127 618 350 2128 624 350 2125 622 350 2126 620 350 2127 624 350 2125 663 351 2201 665 351 2202 667 351 2203 661 351 2200 663 351 2201 667 351 2203 661 351 2200 667 351 2203 669 351 2204 659 351 2199 661 351 2200 669 351 2204 657 351 2198 659 351 2199 669 351 2204 657 351 2198 669 351 2204 671 351 2205 657 351 2198 671 351 2205 699 351 2219 655 351 2197 657 351 2198 699 351 2219 655 351 2197 699 351 2219 701 351 2220 697 351 2218 699 351 2219 671 351 2205 655 351 2197 701 351 2220 703 351 2221 695 351 2217 697 351 2218 671 351 2205 695 351 2217 671 351 2205 673 351 2206 655 351 2197 703 351 2221 705 351 2222 693 351 2216 695 351 2217 673 351 2206 653 351 2196 655 351 2197 705 351 2222 693 351 2216 673 351 2206 675 351 2207 653 351 2196 705 351 2222 707 351 2223 691 351 2215 693 351 2216 675 351 2207 653 351 2196 707 351 2223 709 351 2224 651 351 2195 653 351 2196 709 351 2224 689 351 2214 691 351 2215 675 351 2207 689 351 2214 675 351 2207 677 351 2208 651 351 2195 709 351 2224 711 351 2225 649 351 2194 651 351 2195 711 351 2225 687 351 2213 689 351 2214 677 351 2208 687 351 2213 677 351 2208 679 351 2209 649 351 2194 711 351 2225 713 351 2226 647 351 2193 649 351 2194 713 351 2226 685 351 2212 687 351 2213 679 351 2209 685 351 2212 679 351 2209 681 351 2210 647 351 2193 713 351 2226 715 351 2227 645 351 2192 647 351 2193 715 351 2227 645 351 2192 715 351 2227 717 351 2228 643 351 2191 645 351 2192 717 351 2228 685 351 2212 681 351 2210 601 351 2170 683 351 2211 685 351 2212 601 351 2170 641 351 2190 643 351 2191 717 351 2228 683 351 2211 601 351 2170 603 351 2171 641 351 2190 717 351 2228 719 351 2229 747 351 2243 683 351 2211 603 351 2171 747 351 2243 603 351 2171 605 351 2172 639 351 2189 641 351 2190 719 351 2229 639 351 2189 719 351 2229 721 351 2230 745 351 2242 747 351 2243 605 351 2172 745 351 2242 605 351 2172 607 351 2173 637 351 2188 639 351 2189 721 351 2230 637 351 2188 721 351 2230 723 351 2231 743 351 2241 745 351 2242 607 351 2173 743 351 2241 607 351 2173 609 351 2174 635 351 2187 637 351 2188 723 351 2231 635 351 2187 723 351 2231 725 351 2232 741 351 2240 743 351 2241 609 351 2174 741 351 2240 609 351 2174 611 351 2175 635 351 2187 725 351 2232 727 351 2233 739 351 2239 741 351 2240 611 351 2175 633 351 2186 635 351 2187 727 351 2233 633 351 2186 727 351 2233 729 351 2234 737 351 2238 739 351 2239 611 351 2175 633 351 2186 729 351 2234 731 351 2235 735 351 2237 737 351 2238 611 351 2175 735 351 2237 611 351 2175 613 351 2176 733 351 2236 735 351 2237 613 351 2176 631 351 2185 633 351 2186 731 351 2235 631 351 2185 731 351 2235 733 351 2236 733 351 2236 613 351 2176 615 351 2177 631 351 2185 733 351 2236 615 351 2177 629 351 2184 631 351 2185 615 351 2177 629 351 2184 615 351 2177 617 351 2178 627 351 2183 629 351 2184 617 351 2178 627 351 2183 617 351 2178 619 351 2179 625 351 2182 627 351 2183 619 351 2179 625 351 2182 619 351 2179 621 351 2180 623 351 2181 625 351 2182 621 351 2180</p>
        </triangles>
        <triangles material="Material8" count="36">
          <input semantic="VERTEX" source="#Geometry2-vertices" offset="0"/>
          <input semantic="NORMAL" source="#Geometry2-normal" offset="1"/>
          <input semantic="TEXCOORD" source="#Geometry2-texcoord" offset="2"/>
          <p>748 352 2244 750 352 2245 751 352 2246 748 352 2244 751 352 2246 749 352 2247 750 353 2248 752 353 2249 753 353 2250 750 353 2248 753 353 2250 751 353 2251 752 354 2252 754 354 2253 755 354 2254 752 354 2252 755 354 2254 753 354 2255 754 352 2256 756 352 2257 757 352 2258 754 352 2256 757 352 2258 755 352 2259 756 353 2260 758 353 2261 759 353 2262 756 353 2260 759 353 2262 757 353 2263 758 355 2264 760 355 2265 761 355 2266 758 355 2264 761 355 2266 759 355 2267 760 356 2268 762 356 2269 763 356 2270 760 356 2268 763 356 2270 761 356 2271 762 357 2272 764 357 2273 765 357 2274 762 357 2272 765 357 2274 763 357 2275 764 355 2276 766 355 2277 767 355 2278 764 355 2276 767 355 2278 765 355 2279 766 356 2280 748 356 2281 749 356 2282 766 356 2280 749 356 2282 767 356 2283 752 358 2292 766 358 2285 764 358 2286 752 358 2292 764 358 2286 762 358 2287 762 358 2287 760 358 2288 758 358 2289 748 358 2284 766 358 2285 752 358 2292 748 358 2284 752 358 2292 750 358 2293 754 358 2291 752 358 2292 762 358 2287 754 358 2291 762 358 2287 756 358 2290 756 358 2290 762 358 2287 758 358 2289 753 359 2296 765 359 2302 767 359 2303 759 359 2299 761 359 2300 763 359 2301 763 359 2301 765 359 2302 753 359 2296 757 359 2298 759 359 2299 763 359 2301 757 359 2298 763 359 2301 755 359 2297 755 359 2297 763 359 2301 753 359 2296 751 359 2295 753 359 2296 749 359 2294 749 359 2294 753 359 2296 767 359 2303</p>
        </triangles>
      </mesh>
    </geometry>
  </library_geometries>
  <library_visual_scenes>
    <visual_scene id="VisualSceneNode">
      <node id="VisualSceneNode1" type="NODE">
        <instance_geometry url="#Geometry1">
          <bind_material>
            <technique_common>
              <instance_material symbol="Material2" target="#Material2"/>
              <instance_material symbol="Material3" target="#Material3"/>
              <instance_material symbol="Material4" target="#Material4"/>
              <instance_material symbol="Material9" target="#Material9"/>
              <instance_material symbol="Material9" target="#Material9"/>
              <instance_material symbol="Material9" target="#Material9"/>
              <instance_material symbol="Material9" target="#Material9"/>
            </technique_common>
          </bind_material>
        </instance_geometry>
        <instance_geometry url="#Geometry2">
          <bind_material>
            <technique_common>
              <instance_material symbol="Material8" target="#Material8"/>
              <instance_material symbol="Material8" target="#Material8"/>
              <instance_material symbol="Material8" target="#Material8"/>
              <instance_material symbol="Material8" target="#Material8"/>
              <instance_material symbol="Material8" target="#Material8"/>
              <instance_material symbol="Material8" target="#Material8"/>
              <instance_material symbol="Material8" target="#Material8"/>
              <instance_material symbol="Material8" target="#Material8"/>
              <instance_material symbol="Material8" target="#Material8"/>
              <instance_material symbol="Material8" target="#Material8"/>
              <instance_material symbol="Material8" target="#Material8"/>
              <instance_material symbol="Material8" target="#Material8"/>
              <instance_material symbol="Material8" target="#Material8"/>
              <instance_material symbol="Material8" target="#Material8"/>
            </technique_common>
          </bind_material>
        </instance_geometry>
      </node>
    </visual_scene>
  </library_visual_scenes>
  <scene>
    <instance_visual_scene url="#VisualSceneNode"/>
  </scene>
</COLLADA>
